SQL 정복 쿼리 예제 모음집 
최초 작성일 : 2021년 1월 11일


-------------------------------------------------
-- 2장

CREATE TABLE TCITY
(
	NAME CHAR(10) PRIMARY KEY,
	AREA INT NULL ,
	POPU INT NULL ,
	METRO CHAR(1) NOT NULL,
	REGION CHAR(6) NOT NULL
);

INSERT INTO TCITY VALUES ('서울',605,974,'Y','경기');
INSERT INTO TCITY VALUES ('부산',765,342,'Y','경상');
INSERT INTO TCITY VALUES ('오산',42,21,'N','경기');
INSERT INTO TCITY VALUES ('청주',940,83,'N','충청');
INSERT INTO TCITY VALUES ('전주',205,65,'N','전라');
INSERT INTO TCITY VALUES ('순천',910,27,'N','전라');
INSERT INTO TCITY VALUES ('춘천',1116,27,'N','강원');
INSERT INTO TCITY VALUES ('홍천',1819,7,'N','강원');

SELECT * FROM TCITY;

CREATE TABLE TSTAFF
(
	NAME CHAR (15) PRIMARY KEY,
	DEPART CHAR (10) NOT NULL,
	GENDER CHAR(3) NOT NULL,
	JOINDATE CHAR(10) NOT NULL,
	GRADE CHAR(10) NOT NULL,
	SALARY INT NOT NULL,
	SCORE DECIMAL(5,2) NULL
);

INSERT INTO TSTAFF VALUES ('김유신','총무부','남','2000-2-3','이사',420,88.8);
INSERT INTO TSTAFF VALUES ('유관순','영업부','여','2009-3-1','과장',380,NULL);
INSERT INTO TSTAFF VALUES ('안중근','인사과','남','2012-5-5','대리',256,76.5);
INSERT INTO TSTAFF VALUES ('윤봉길','영업부','남','2015-8-15','과장',350,71.25);
INSERT INTO TSTAFF VALUES ('강감찬','영업부','남','2018-10-9','사원',320,56.0);
INSERT INTO TSTAFF VALUES ('정몽주','총무부','남','2010-9-16','대리',370,89.5);
INSERT INTO TSTAFF VALUES ('허난설헌','인사과','여','2020-1-5','사원',285,44.5);
INSERT INTO TSTAFF VALUES ('신사임당','영업부','여','2013-6-19','부장',400,92.0);
INSERT INTO TSTAFF VALUES ('성삼문','영업부','남','2014-6-8','대리',285,87.75);
INSERT INTO TSTAFF VALUES ('논개','인사과','여','2010-9-16','대리',340,46.2);
INSERT INTO TSTAFF VALUES ('황진이','인사과','여','2012-5-5','사원',275,52.5);
INSERT INTO TSTAFF VALUES ('이율곡','총무부','남','2016-3-8','과장',385,65.4);
INSERT INTO TSTAFF VALUES ('이사부','총무부','남','2000-2-3','대리',375,50);
INSERT INTO TSTAFF VALUES ('안창호','영업부','남','2015-8-15','사원',370,74.2);
INSERT INTO TSTAFF VALUES ('을지문덕','영업부','남','2019-6-29','사원',330,NULL);
INSERT INTO TSTAFF VALUES ('정약용','총무부','남','2020-3-14','과장',380,69.8);
INSERT INTO TSTAFF VALUES ('홍길동','인사과','남','2019-8-8','차장',380,77.7);
INSERT INTO TSTAFF VALUES ('대조영','총무부','남','2020-7-7','차장',290,49.9);
INSERT INTO TSTAFF VALUES ('장보고','인사과','남','2005-4-1','부장',440,58.3);
INSERT INTO TSTAFF VALUES ('선덕여왕','인사과','여','2017-8-3','사원',315,45.1);

SELECT * FROM TSTAFF;

-------------------------------------------------
-- 4장

SELECT NAME, AREA, POPU, METRO, REGION FROM TCITY;
SELECT * FROM TCITY;

SELECT NAME AS 도시명, AREA AS "면적(제곱KM)", POPU AS "인구(만명)" FROM TCITY;

SELECT 도시명 = NAME, AREA '면적(제곱KM)', POPU [인구(만명)] FROM TCITY;

SELECT NAME, POPU * 10000 AS "인구(명)" FROM TCITY;

SELECT NAME, AREA, POPU, POPU * 10000 / AREA AS "인구밀도" FROM TCITY;

SELECT 60 * 60 * 24 AS "하루" FROM DUAL;

SELECT 60 * 60 * 24;

SELECT * FROM TCITY WHERE AREA > 1000;

SELECT NAME, AREA FROM TCITY WHERE AREA > 1000;

SELECT * FROM TCITY WHERE NAME = '서울'			-- 맞음
SELECT * FROM TCITY WHERE NAME = 서울				-- 틀림
SELECT * FROM TCITY WHERE NAME = "서울"			-- 틀림. 단, 마리아는 인정한다.

SELECT * FROM TSTAFF WHERE SCORE = NULL;

SELECT * FROM TSTAFF WHERE SCORE IS NULL;

SELECT * FROM TSTAFF WHERE SCORE IS NOT NULL;

SELECT * FROM TCITY WHERE POPU >= 100 AND AREA >= 700;

SELECT * FROM TCITY WHERE REGION = '경기' AND POPU >= 50 OR AREA >= 500;
SELECT * FROM TCITY WHERE REGION = '경기' AND (POPU >= 50 OR AREA >= 500);

SELECT * FROM TCITY WHERE REGION != '경기';
SELECT * FROM TCITY WHERE NOT(REGION = '경기');

SELECT * FROM TCITY WHERE REGION = '전라' OR METRO = 'Y';

SELECT * FROM TCITY WHERE REGION != '전라' AND METRO != 'Y';

SELECT * FROM TCITY WHERE NOT(REGION = '전라' OR METRO = 'Y');

SELECT * FROM TCITY WHERE NAME LIKE '%천%';

SELECT * FROM TCITY WHERE NAME NOT LIKE '%천%';

SELECT * FROM TCITY WHERE NAME LIKE '천%';
SELECT * FROM TCITY WHERE NAME LIKE '%천';

SELECT * FROM TCITY WHERE TRIM(NAME) LIKE '%천';

SELECT * FROM TCITY WHERE POPU BETWEEN 50 AND 100;

SELECT * FROM TCITY WHERE POPU >= 50 AND POPU <= 100;

SELECT * FROM TSTAFF WHERE NAME BETWEEN '가' AND '사';
SELECT * FROM TSTAFF WHERE JOINDATE BETWEEN '20150101' AND '20180101';

SELECT * FROM TCITY WHERE REGION IN ('경상', '전라');

SELECT * FROM TCITY WHERE REGION = '경상' OR REGION = '전라';

SELECT * FROM TCITY WHERE REGION NOT IN ('경상', '전라');

SELECT * FROM TSTAFF WHERE NAME LIKE IN ('이%', '안%');

SELECT * FROM TSTAFF WHERE NAME LIKE '이%' OR NAME LIKE '안%';

SELECT * FROM TCITY ORDER BY POPU;
SELECT * FROM TCITY ORDER BY POPU DESC;

SELECT REGION, NAME, AREA, POPU FROM TCITY ORDER BY REGION, NAME DESC;

SELECT * FROM TCITY ORDER BY AREA;
SELECT * FROM TCITY ORDER BY 2;

SELECT NAME FROM TCITY ORDER BY POPU;

SELECT NAME, POPU * 10000 / AREA FROM TCITY ORDER BY POPU * 10000 / AREA;

SELECT * FROM TCITY WHERE REGION = '경기' ORDER BY AREA;

SELECT * FROM TCITY ORDER BY AREA WHERE REGION = '경기';

SELECT REGION FROM TCITY;
SELECT DISTINCT REGION FROM TCITY;
SELECT DISTINCT REGION FROM TCITY ORDER BY REGION;

SELECT ALL DEPART FROM TSTAFF;
SELECT DISTINCT DEPART FROM TSTAFF;

SELECT NAME, ROWID, ROWNUM FROM TCITY;

SELECT * FROM TCITY WHERE ROWNUM <= 4;

SELECT * FROM TCITY ORDER BY AREA DESC WHERE ROWNUM <= 4;

SELECT * FROM TCITY WHERE ROWNUM <= 4 ORDER BY AREA DESC;

SELECT * FROM (SELECT * FROM TCITY ORDER BY AREA DESC) WHERE ROWNUM <= 4;

SELECT TOP 4 * FROM TCITY ORDER BY AREA DESC;

SELECT TOP 20 PERCENT * FROM TCITY ORDER BY POPU DESC;

SELECT * FROM TEXAM ORDER BY SCORE DESC;

SELECT TOP 100 * FROM TEXAM ORDER BY SCORE DESC;

SELECT TOP 1 PERCENT WITH TIES * FROM TEXAM ORDER BY SCORE DESC;

SELECT * FROM TCITY ORDER BY AREA DESC LIMIT 4;

SELECT * FROM TCITY ORDER BY AREA DESC LIMIT 2, 3;

SELECT * FROM TCITY ORDER BY AREA DESC OFFSET 0 ROWS FETCH NEXT 4 ROWS ONLY;

SELECT * FROM TCITY ORDER BY AREA DESC OFFSET 2 ROWS FETCH NEXT 3 ROWS ONLY;

SELECT * FROM TCITY WHERE METRO = 'N' ORDER BY AREA DESC OFFSET 2 ROWS FETCH NEXT 3 ROWS ONLY;

-------------------------------------------------
-- 5장

SELECT COUNT(*) FROM TSTAFF;

SELECT COUNT(*) AS "총 직원수" FROM TSTAFF;

SELECT COUNT(*) FROM TSTAFF WHERE SALARY >= 400;

SELECT COUNT(*) FROM TSTAFF WHERE SALARY >= 10000;

SELECT NAME FROM TSTAFF WHERE SALARY >= 400;

SELECT COUNT(NAME) FROM TSTAFF;
SELECT COUNT(DEPART) FROM TSTAFF;

SELECT COUNT(DISTINCT DEPART) FROM TSTAFF;

SELECT COUNT(SCORE) FROM TSTAFF;

SELECT COUNT(*) - COUNT(SCORE) FROM TSTAFF;
SELECT COUNT(*) FROM TSTAFF WHERE SCORE IS NULL;

SELECT SUM(POPU), AVG(POPU) FROM TCITY;

SELECT MIN(AREA), MAX(AREA) FROM TCITY;

SELECT SUM(SCORE), AVG(SCORE) FROM TSTAFF WHERE DEPART = '인사과';
SELECT MIN(SALARY), MAX(SALARY) FROM TSTAFF WHERE DEPART = '영업부';

SELECT SUM(NAME) FROM TSTAFF;		-- 에러

SELECT MIN(NAME) FROM TSTAFF;

SELECT MAX(POPU), NAME FROM TCITY;

SELECT AVG(SALARY) FROM TSTAFF;
SELECT SUM(SALARY)/COUNT(*) FROM TSTAFF;

SELECT AVG(SCORE) FROM TSTAFF;
SELECT SUM(SCORE)/COUNT(*) FROM TSTAFF;

SELECT COUNT(*) FROM TSTAFF WHERE DEPART = '비서실';
SELECT MAX(SALARY) FROM TSTAFF WHERE DEPART = '비서실';

SELECT '영업부', AVG(SALARY) FROM TSTAFF WHERE DEPART='영업부';
SELECT '총무부', AVG(SALARY) FROM TSTAFF WHERE DEPART='총무부';
SELECT '인사과', AVG(SALARY) FROM TSTAFF WHERE DEPART='인사과';

SELECT DEPART, AVG(SALARY) FROM TSTAFF GROUP BY DEPART;

SELECT DEPART, COUNT(*), MAX(JOINDATE), AVG(SCORE) FROM TSTAFF GROUP BY DEPART; 

SELECT GENDER, AVG(SALARY) FROM TSTAFF GROUP BY GENDER;

SELECT NAME, SUM(SALARY) FROM TSTAFF GROUP BY NAME;

SELECT DEPART, GENDER, COUNT(*) FROM TSTAFF GROUP BY DEPART, GENDER;

SELECT GENDER, DEPART, COUNT(*) FROM TSTAFF GROUP BY GENDER, DEPART;

SELECT DEPART, GENDER, COUNT(*) FROM TSTAFF GROUP BY DEPART, GENDER 
ORDER BY DEPART, GENDER;

SELECT DEPART, SALARY FROM TSTAFF GROUP BY DEPART;

SELECT SUM(SALARY) FROM TSTAFF GROUP BY DEPART;

SELECT DEPART, SUM(SALARY) FROM TSTAFF;

SELECT DEPART, SUM(SALARY) FROM TSTAFF GROUP BY DEPART;
SELECT SUM(SALARY) FROM TSTAFF;

SELECT DEPART, AVG(SALARY) FROM TSTAFF GROUP BY DEPART HAVING AVG(SALARY) >= 340;

SELECT DEPART, AVG(SALARY) FROM TSTAFF GROUP BY DEPART HAVING AVG(SALARY) >= 340 
ORDER BY AVG(SALARY);

SELECT DEPART, AVG(SALARY) FROM TSTAFF WHERE SALARY > 300 GROUP BY DEPART ;

SELECT DEPART, AVG(SALARY) FROM TSTAFF WHERE SALARY > 300 
GROUP BY DEPART HAVING AVG(SALARY) >= 360 ORDER BY DEPART;

SELECT DEPART, MAX(SALARY) FROM TSTAFF WHERE DEPART IN ('인사과', '영업부') GROUP BY DEPART;
SELECT DEPART, MAX(SALARY) FROM TSTAFF GROUP BY DEPART HAVING DEPART IN ('인사과', '영업부');

-------------------------------------------------
-- 6장

INSERT INTO TCITY (NAME, AREA, POPU, METRO, REGION) 
VALUES ('서울', 605, 974, 'Y', '경기');

INSERT INTO TCITY VALUES ('서울', 605, 974, 'Y', '경기');

INSERT INTO TCITY VALUES ('평택', 453, 51, 'N', '경기');

INSERT INTO TCITY VALUES ('평택', 51, 453, 'N', '경기');		// AREA와 POPU가 바뀜
INSERT INTO TCITY VALUES ('평택', 453, 'N', 51, '경기');		// POPU와 METRO 순서가 바뀜
INSERT INTO TCITY VALUES ('평택', 453, 'N', '경기');		// POPU 필드값 누락

INSERT INTO TCITY (AREA, POPU, METRO, REGION, NAME) 
VALUES (453, 51, 'N', '경기', '평택');

TRUNCATE TABLE TCITY;

INSERT INTO TCITY (NAME, AREA, POPU, METRO, REGION) VALUES 
('서울',605,974,'Y','경기'), 
('부산',765,342,'Y','경상'),
('오산',42,21,'N','경기'),
('청주',940,83,'N','충청'),
('전주',205,65,'N','전라'),
('순천',910,27,'N','전라'),
('춘천',1116,27,'N','강원'),
('홍천',1819,7,'N','강원');

INSERT INTO TSTAFF(NAME, DEPART, GENDER, JOINDATE, GRADE, SALARY, SCORE)
SELECT NAME, REGION, METRO, '20210629', '신입', AREA, POPU FROM TCITY WHERE REGION = '경기';

INSERT INTO TSTAFF(NAME, DEPART, GENDER, JOINDATE, GRADE, SALARY, SCORE)
SELECT NAME, 지원부서, GENDER, 오늘, '수습', 230, SCORE * 0.1 FROM TCANDIDATE 
WHERE RESULT = '합격';

CREATE TABLE TSUDO AS SELECT NAME, AREA, POPU FROM TCITY WHERE REGION = '경기';
SELECT * FROM TSUDO;

SELECT * INTO TCITYCOPY FROM TCITY;

CREATE TABLE TSTAFF_8월20일 AS SELECT * FROM TSTAFF;

DELETE FROM TCITY WHERE NAME = '부산';

DELETE FROM TCITY WHERE REGION = '경기';

DELETE FROM TCITY;

SELECT * FROM TCITY WHERE POPU > 50;

-- DELETE
-- SELECT *
FROM TSTAFF WHERE GRADE = '과장';

UPDATE TCITY SET POPU = 1000, REGION = '충청' WHERE NAME = '서울';

UPDATE TCITY SET POPU = 1000, REGION = '충청';

UPDATE TCITY SET POPU = POPU * 2 WHERE NAME = '오산';

-------------------------------------------------
-- 7장

INSERT INTO TCITY VALUES ('평양','엄청 넓음','꽤 많을걸','N','조선인민민주주의공화국');

INSERT INTO TCITY (NAME, POPU, METRO, REGION) VALUES ('울산', 114, 'Y', '경상');
INSERT INTO TCITY (NAME, METRO, REGION) VALUES ('삼척', 'N', '강원');

INSERT INTO TCITY (AREA, POPU, METRO, REGION) VALUES (456, 123, 'N', '충청');
INSERT INTO TCITY (NAME, AREA, POPU) VALUES ('의정부', 456,123);

CREATE TABLE TNULLABLE
(
    NAME CHAR(10) NOT NULL,
    AGE INT
);

CREATE TABLE TCITYDEFAULT
(
	NAME CHAR(10) PRIMARY KEY,
	AREA INT NULL ,
	POPU INT NULL ,
	METRO CHAR(1) DEFAULT 'N' NOT NULL,
	REGION CHAR(6) NOT NULL
);

INSERT INTO TCITYDEFAULT (NAME, AREA, POPU, REGION) VALUES ('진주', 712, 34, '경상');
INSERT INTO TCITYDEFAULT (NAME, AREA, POPU, METRO, REGION) VALUES ('인천', 1063, 295, 'Y', '경기');

INSERT INTO TCITYDEFAULT VALUES ('강릉', 1111, 22, '강원');			-- 에러
INSERT INTO TCITYDEFAULT VALUES ('강릉', 1111, 22, DEFAULT, '강원');	-- 정상 실행

UPDATE TCITY_DEFAULT SET METRO = DEFAULT WHERE NAME = '인천'

CREATE TABLE TCHECKTEST
(
	GENDER CHAR(3) NULL CHECK(GENDER = '남' OR GENDER = '여'),
	GRADE INT NULL CHECK (GRADE >= 1 AND GRADE <= 3),
	ORIGIN CHAR(3) NULL CHECK(ORIGIN IN ('동','서','남','북')),
	NAME CHAR(10) NULL CHECK(NAME LIKE '김%')
);

INSERT INTO TCHECKTEST (GENDER) VALUES ('여');
INSERT INTO TCHECKTEST (GRADE) VALUES (1);
INSERT INTO TCHECKTEST (ORIGIN) VALUES ('동');
INSERT INTO TCHECKTEST (NAME) VALUES ('김좌진');

INSERT INTO TCHECKTEST (GENDER) VALUES ('노');
INSERT INTO TCHECKTEST (GRADE) VALUES (0);
INSERT INTO TCHECKTEST (ORIGIN) VALUES ('중');
INSERT INTO TCHECKTEST (NAME) VALUES ('청산리');

UPDATE TCHECKTEST SET GRADE = 4 WHERE GRADE IS NOT NULL;

REGION CHAR(6) NOT NULL CHECK (REGION IN ('경기', '충청', '강원', '경상', '전라', '제주'))
INSERT INTO TCITY3 VALUES ('울릉',72,1,'N','우산');

INSERT INTO TCITY VALUES ('춘천',1116,27,'N','강원');

CREATE TABLE TCITY
(
	NAME CHAR(10),
	AREA INT NULL ,
	POPU INT NULL ,
	METRO CHAR(1) NOT NULL,
	REGION CHAR(6) NOT NULL,
	CONSTRAINT PK_TCITY_NAME PRIMARY KEY(NAME)
); 

CREATE TABLE TCITY
(
	NAME CHAR(10) PRIMARY KEY,
	REGION CHAR(6) PRIMARY KEY,
	AREA INT NULL ,
	POPU INT NULL ,
	METRO CHAR(1) NOT NULL
);

CREATE TABLE TCITYCOMPOKEY
(
	NAME CHAR(10) NOT NULL,
	REGION CHAR(6) NOT NULL,
	AREA INT NULL ,
	POPU INT NULL ,
	METRO CHAR(1) NOT NULL,
	CONSTRAINT PK_TCITY_NAME_REGION PRIMARY KEY (NAME, REGION)
);

INSERT INTO TCITYCOMPOKEY VALUES ('광주', '전라', 123, 456, 'Y');
INSERT INTO TCITYCOMPOKEY VALUES ('광주', '경기', 123, 456, 'N');

CREATE TABLE TCITYUNIQUE
(
	NAME CHAR(10) PRIMARY KEY,
	AREA INT NULL ,
	POPU INT UNIQUE NULL,
	METRO CHAR(1) NOT NULL,
	REGION CHAR(6) NOT NULL
);

CREATE TABLE TCITYUNIQUE
(
	NAME CHAR(10) PRIMARY KEY,
	AREA INT NULL ,
	POPU INT NULL,
	METRO CHAR(1) NOT NULL,
	REGION CHAR(6) NOT NULL,
	CONSTRAINT UNIQUE_TCITY_AREA_POPU UNIQUE(AREA, POPU)
);

CREATE SEQUENCE SEQSALE START WITH 1 INCREMENT BY 1;

CREATE TABLE TSALE
(
	SALENO INT PRIMARY KEY,
	CUSTOMER VARCHAR(20),
	PRODUCT VARCHAR(30)
);

INSERT INTO TSALE VALUES (SEQSALE.NEXTVAL, '단군', '지팡이');
INSERT INTO TSALE VALUES (SEQSALE.NEXTVAL, '고주몽', '고등어');

INSERT INTO TSALE VALUES (NEXT VALUE FOR SEQSALE, '단군', '지팡이');
INSERT INTO TSALE VALUES (NEXT VALUE FOR SEQSALE, '고주몽', '고등어');

DELETE FROM TSALE WHERE SALENO = 2;

오라클 : INSERT INTO TSALE VALUES (SEQSALE.NEXTVAL, '박혁거세', '계란');
MSSQL : INSERT INTO TSALE VALUES (NEXT VALUE FOR SEQSALE, '박혁거세', '계란');

INSERT INTO TSALE VALUES (2, '고주몽', '고등어');

CREATE TABLE TSALESEQ
(
	SALENO INT GENERATED AS IDENTITY PRIMARY KEY,
	CUSTOMER VARCHAR(20),
	PRODUCT VARCHAR(30)
);

INSERT INTO TSALESEQ (CUSTOMER, PRODUCT) VALUES ('단군', '지팡이');
INSERT INTO TSALESEQ (CUSTOMER, PRODUCT) VALUES ('고주몽', '고등어');

SALENO INT GENERATED BY DEFAULT AS IDENTITY PRIMARY KEY,
SALENO INT GENERATED BY DEFAULT ON NULL AS IDENTITY PRIMARY KEY,

INSERT INTO TSALE (SALENO, CUSTOMER, PRODUCT) VALUES (5, '단군', '지팡이');	-- 가능
INSERT INTO TSALE (SALENO, CUSTOMER, PRODUCT) VALUES (NULL, '고주몽', '고등어');	-- 에러

CREATE TABLE TSALEID
(
	SALENO INT IDENTITY PRIMARY KEY,
	CUSTOMER VARCHAR(20),
	PRODUCT VARCHAR(30)
);

INSERT INTO TSALEID (CUSTOMER, PRODUCT) VALUES ('단군', '지팡이');
INSERT INTO TSALEID (CUSTOMER, PRODUCT) VALUES ('고주몽', '고등어');

DELETE FROM TSALEID WHERE SALENO = 2;
INSERT INTO TSALEID (CUSTOMER, PRODUCT) VALUES ('박혁거세', '계란');

INSERT INTO TSALEID (SALENO, CUSTOMER, PRODUCT) VALUES (2, '고주몽', '고등어');

SET IDENTITY_INSERT TSALEID ON;
INSERT INTO TSALEID (SALENO, CUSTOMER, PRODUCT) VALUES (2, '고주몽', '고등어');
SET IDENTITY_INSERT TSALEID OFF;

INSERT INTO TSALEID VALUES ('왕건', '너구리');

UPDATE TSALEID SET PRODUCT = '짜파게티' WHERE SALENO = @@IDENTITY;

CREATE TABLE TSALE
(
	SALENO INT AUTO_INCREMENT PRIMARY KEY,
	CUSTOMER NCHAR(10),
	PRODUCT NCHAR(30)
);

INSERT INTO TSALE (CUSTOMER, PRODUCT) VALUES ('단군', '지팡이');
INSERT INTO TSALE (CUSTOMER, PRODUCT) VALUES ('고주몽', '고등어');

DELETE FROM TSALE WHERE SALENO = 2;
INSERT INTO TSALE (CUSTOMER, PRODUCT) VALUES ('박혁거세', '계란');

INSERT INTO TSALE (SALENO, CUSTOMER, PRODUCT) VALUES (2, '고주몽', '고등어');

ALTER TABLE TSALE AUTO_INCREMENT = 100;

INSERT INTO TSALE (CUSTOMER, PRODUCT) VALUES ('왕건', '너구리');
UPDATE TSALE SET PRODUCT = '짜파게티' WHERE SALENO = LAST_INSERT_ID();

-------------------------------------------------
-- 8장

UPDATE TPROJECT SET 담당자='문종민' WHERE 프로젝트='TV 광고건';

SELECT 프로젝트명 FROM TPROJECT WHERE 담당자 = '김상형';

CREATE TABLE TEMPLOYEE
(
	NAME CHAR(10) PRIMARY KEY,
	SALARY INT NOT NULL,
	ADDR VARCHAR(30) NOT NULL
);

INSERT INTO TEMPLOYEE VALUES ('김상형', 650, '이천시');
INSERT INTO TEMPLOYEE VALUES ('문종민', 480, '대구시');
INSERT INTO TEMPLOYEE VALUES ('권성직', 625, '안동시');

CREATE TABLE TPROJECT
(
	PROJECTID INT PRIMARY KEY,
	EMPLOYEE CHAR(10) NOT NULL,
	PROJECT VARCHAR(30) NOT NULL,
	COST INT
);

INSERT INTO TPROJECT VALUES (1, '김상형', '홍콩 수출건', 800);
INSERT INTO TPROJECT VALUES (2, '김상형', 'TV 광고건', 3400);
INSERT INTO TPROJECT VALUES (3, '김상형', '매출분석건', 200);
INSERT INTO TPROJECT VALUES (4, '문종민', '경영 혁신안 작성', 120);
INSERT INTO TPROJECT VALUES (5, '문종민', '대리점 계획', 85);
INSERT INTO TPROJECT VALUES (6, '권성직', '노조 협상건', 24);

INSERT INTO TPROJECT VALUES (7, '홍길동', '원자재 매입', 900);

DELETE FROM TEMPLOYEE WHERE NAME = '김상형';

CREATE TABLE TPROJECT
(
	PROJECTID ... ,
	EMPLOYEE ... ,
	PROJECT ... ,
	COST ... ,
	CONSTRAINT FK_EMP FOREIGN KEY(EMPLOYEE) REFERENCES TEMPLOYEE(NAME)
);

INSERT INTO TEMPLOYEE VALUES ('홍길동', 330, '장성');
INSERT INTO TPROJECT VALUES (7, '홍길동', '원자재 매입', 900);

DELETE FROM TPROJECT WHERE EMPLOYEE = '김상형';
DELETE FROM TEMPLOYEE WHERE NAME = '김상형';

DROP TABLE TEMPLOYEE;

CREATE TABLE TPROJECT
(
	....
	CONSTRAINT FK_EMP FOREIGN KEY(EMPLOYEE) REFERENCES TEMPLOYEE(NAME)
	ON DELETE CASCADE
);

DELETE FROM TEMPLOYEE WHERE NAME = '김상형';

CREATE TABLE TPROJECT
(
	....
	CONSTRAINT FK_EMP FOREIGN KEY(EMPLOYEE) REFERENCES TEMPLOYEE(NAME)
	ON DELETE CASCADE ON UPDATE CASCADE
);

UPDATE TEMPLOYEE SET NAME = '문사장' WHERE NAME = '문종민';

-- 회원 테이블
CREATE TABLE TMEMBER
(
    MEMBER VARCHAR(20) PRIMARY KEY, 	-- 아이디
    AGE INT NOT NULL,                      	-- 나이 
    EMAIL VARCHAR(30) NOT NULL,           	-- 이메일
    ADDR VARCHAR(50) NOT NULL,            	-- 주소
    MONEY INT DEFAULT 1000 NOT NULL,     	-- 예치금
    GRADE INT DEFAULT 1 NOT NULL,         	-- 고객등급. 1=준회원, 2=정회원, 3=우수회원
    REMARK VARCHAR(100) NULL             	-- 메모 사항
);

-- 회원 데이터
INSERT INTO TMEMBER VALUES ('춘향',16,'1004@NAVER.COM','전남 남원시',20000, 2, '');
INSERT INTO TMEMBER VALUES ('이도령',18,'WOLF@GMAIL.COM','서울 신사동',150000, 3, '');
INSERT INTO TMEMBER VALUES ('향단',25,'CANDY@DAUM.NET','전남 남원시',5000, 2, '');
INSERT INTO TMEMBER VALUES ('방자',28,'DEVLIN@SSANG.CO.KR','서울 개포동',1000, 1, '요주의 고객');

-- 상품 분류 테이블
CREATE TABLE TCATEGORY
(
   CATEGORY VARCHAR(10) PRIMARY KEY,	-- 분류명
   DISCOUNT INT NOT NULL,			-- 할인율
   DELIVERY INT NOT NULL,                   	-- 배송비
   TAKEBACK CHAR(1)                         	-- 반품 가능성
);

-- 분류 데이터
INSERT INTO TCATEGORY (CATEGORY, DISCOUNT, DELIVERY, TAKEBACK) VALUES ('식품', 0, 3000, 'N');
INSERT INTO TCATEGORY (CATEGORY, DISCOUNT, DELIVERY, TAKEBACK) VALUES ('패션', 10, 2000, 'Y');
INSERT INTO TCATEGORY (CATEGORY, DISCOUNT, DELIVERY, TAKEBACK) VALUES ('가전', 20, 2500, 'Y');
INSERT INTO TCATEGORY (CATEGORY, DISCOUNT, DELIVERY, TAKEBACK) VALUES ('성인', 5, 1000, 'N');

-- 상품 테이블
CREATE TABLE TITEM
(
    ITEM VARCHAR(20) PRIMARY KEY,   	-- 상품명
    COMPANY VARCHAR(20) NULL,            	-- 제조사
    NUM INT NOT NULL,                      	-- 재고
    PRICE INT NOT NULL,                     	-- 정가
    CATEGORY VARCHAR(10) NOT NULL,       	-- 분류
    CONSTRAINT ITEM_FK FOREIGN KEY(CATEGORY) REFERENCES TCATEGORY(CATEGORY)
);

-- 상품 데이터
INSERT INTO TITEM (ITEM,COMPANY,NUM,PRICE,CATEGORY) VALUES ('노트북', '샘성', 3, 820000, '가전');
INSERT INTO TITEM (ITEM,COMPANY,NUM,PRICE,CATEGORY) VALUES ('청바지', '방방', 80, 32000, '패션');
INSERT INTO TITEM (ITEM,COMPANY,NUM,PRICE,CATEGORY) VALUES ('사과', '문경농원', 24, 16000, '식품');
INSERT INTO TITEM (ITEM,COMPANY,NUM,PRICE,CATEGORY) VALUES ('대추', '보은농원', 19, 15000, '식품');
INSERT INTO TITEM (ITEM,COMPANY,NUM,PRICE,CATEGORY) VALUES ('전자담배', 'TNG', 4, 70000, '성인');
INSERT INTO TITEM (ITEM,COMPANY,NUM,PRICE,CATEGORY) VALUES ('마우스', '논리텍', 3, 90000, '가전');

-- 주문 테이블
MSSQL :
CREATE TABLE TORDER
(
  ORDERID INT IDENTITY PRIMARY KEY,		-- 주문 번호
  MEMBER VARCHAR(20) NOT NULL,   		-- 주문자
  ITEM VARCHAR(20) NOT NULL,			-- 상품
  ORDERDATE DATE DEFAULT GETDATE() NOT NULL,	-- 주문 날자
  NUM INT NOT NULL,				-- 개수
  STATUS INT DEFAULT 1 NOT NULL,			-- 1:주문, 2:배송중, 3:배송완료, 4:반품
  REMARK VARCHAR(1000) NULL			-- 메모 사항
);

오라클 :
CREATE TABLE TORDER
(
  ORDERID INT GENERATED AS IDENTITY PRIMARY KEY,	-- 주문 번호
  MEMBER VARCHAR(20) NOT NULL,   		-- 주문자
  ITEM VARCHAR(20) NOT NULL,			-- 상품
  ORDERDATE DATE DEFAULT SYSDATE NOT NULL,	-- 주문 날자
  NUM INT NOT NULL,				-- 개수
  STATUS INT DEFAULT 1 NOT NULL,			-- 1:주문, 2:배송중, 3:배송완료, 4:반품
  REMARK VARCHAR2(1000) NULL			-- 메모 사항
);

마리아 :
CREATE TABLE TORDER
(
  ORDERID INT AUTO_INCREMENT PRIMARY KEY,	-- 주문 번호
  MEMBER VARCHAR(20) NOT NULL,   		-- 주문자
  ITEM VARCHAR(20) NOT NULL,			-- 상품
  ORDERDATE DATE DEFAULT CURDATE() NOT NULL,	-- 주문 날자
  NUM INT NOT NULL,				-- 개수
  STATUS INT DEFAULT 1 NOT NULL,			-- 1:주문, 2:배송중, 3:배송완료, 4:반품
  REMARK VARCHAR(1000) NULL			-- 메모 사항
);

-- 주문 데이터
INSERT INTO TORDER (MEMBER,ITEM,ORDERDATE,NUM,STATUS) VALUES ('춘향','청바지','2019-12-3',3,2);
INSERT INTO TORDER (MEMBER,ITEM,ORDERDATE,NUM,STATUS) VALUES ('향단','대추','2019-12-4',10,1);
INSERT INTO TORDER (MEMBER,ITEM,ORDERDATE,NUM,STATUS) VALUES ('방자','전자담배','2019-12-2',4,1);
INSERT INTO TORDER (MEMBER,ITEM,ORDERDATE,NUM,STATUS) VALUES ('향단','사과','2019-12-5',5,2);
INSERT INTO TORDER (MEMBER,ITEM,ORDERDATE,NUM,STATUS) VALUES ('흥부','노트북','2019-12-5',2,1);
INSERT INTO TORDER (MEMBER,ITEM,ORDERDATE,NUM,STATUS) VALUES ('방자','핸드폰','2019-11-1',1,3);

MEMBER VARCHAR(20) NOT NULL REFERENCES TMEMBER(MEMBER),   	-- 주문자
ITEM VARCHAR(20) NOT NULL REFERENCES TITEM(ITEM),			-- 상품

DROP TABLE TORDER, TITEM, TCATEGORY, TMEMBER;

-------------------------------------------------
-- 9장

SELECT MAX(POPU), NAME FROM TCITY;

SELECT NAME FROM TCITY WHERE POPU = MAX(POPU);

SELECT MAX(POPU) FROM TCITY;

SELECT NAME FROM TCITY WHERE POPU = 974;

SELECT NAME FROM TCITY WHERE POPU = (SELECT MAX(POPU) FROM TCITY);

SELECT MAX(NUM) FROM TITEM;

SELECT ITEM FROM TITEM WHERE NUM = 80;

SELECT ITEM FROM TITEM WHERE NUM = (SELECT MAX(NUM) FROM TITEM);

SELECT CATEGORY FROM TITEM WHERE ITEM= '청바지';

SELECT DELIVERY FROM TCATEGORY WHERE CATEGORY = '패션';

SELECT DELIVERY FROM TCATEGORY WHERE CATEGORY = (SELECT CATEGORY FROM TITEM 
WHERE ITEM = '청바지');

SELECT ITEM FROM TITEM WHERE PRICE = 70000;

SELECT MEMBER FROM TORDER WHERE ITEM = 
(SELECT ITEM FROM TITEM WHERE PRICE = 70000);

SELECT AGE FROM TMEMBER WHERE MEMBER = 
(SELECT MEMBER FROM TORDER WHERE ITEM = 
(SELECT ITEM FROM TITEM WHERE PRICE = 70000));

SELECT PRICE FROM TITEM WHERE ITEM = 
(SELECT ITEM FROM TORDER WHERE MEMBER = '향단');

SELECT PRICE FROM TITEM WHERE ITEM = 
(SELECT ITEM FROM TORDER WHERE MEMBER = '향단' 
ORDER BY ITEM OFFSET 0 ROWS FETCH NEXT 1 ROWS ONLY);

SELECT ITEM, PRICE FROM TITEM WHERE ITEM IN 
(SELECT ITEM FROM TORDER WHERE MEMBER = '향단');

SELECT ITEM, PRICE FROM TITEM WHERE ITEM IN ('대추', '사과');

SELECT PRICE FROM TITEM WHERE ITEM = (SELECT ITEM FROM TORDER WHERE MEMBER = '이도령');

SELECT DEPART, GENDER FROM TSTAFF WHERE NAME = '윤봉길';

SELECT * FROM TSTAFF WHERE DEPART = '영업부' AND GENDER = '남';

SELECT * FROM TSTAFF WHERE DEPART = 
(SELECT DEPART FROM TSTAFF WHERE NAME = '안중근')
AND GENDER = (SELECT GENDER FROM TSTAFF WHERE NAME = '안중근');

SELECT * FROM TSTAFF WHERE (DEPART, GENDER) = 
(SELECT DEPART, GENDER FROM TSTAFF WHERE NAME = '안중근');

SELECT * FROM TSTAFF WHERE (DEPART, SALARY) IN 
(SELECT DEPART, MAX(SALARY) FROM TSTAFF GROUP BY DEPART);

SELECT * FROM TSTAFF S WHERE SALARY = 
(SELECT MAX(SALARY) FROM TSTAFF WHERE DEPART = S.DEPART);

SELECT T.* FROM TSTAFF T
INNER JOIN (SELECT DEPART, MAX(SALARY) MS FROM TSTAFF GROUP BY DEPART) M
ON T.DEPART = M.DEPART AND T.SALARY = M.MS;

UPDATE TCITY SET (AREA, POPU) = (SELECT AREA, POPU FROM TCITY WHERE NAME='부산') 
WHERE NAME = '서울';

SELECT NAME FROM TSTAFF WHERE SALARY > ANY 
(SELECT SALARY FROM TSTAFF WHERE DEPART = '영업부');
SELECT NAME FROM TSTAFF WHERE SALARY > ALL 
(SELECT SALARY FROM TSTAFF WHERE DEPART = '영업부');

SELECT NAME FROM TSTAFF WHERE SALARY > 
(SELECT MIN(SALARY) FROM TSTAFF WHERE DEPART = '영업부');
SELECT NAME FROM TSTAFF WHERE SALARY > 
(SELECT MAX(SALARY) FROM TSTAFF WHERE DEPART = '영업부');

SELECT ITEM, PRICE FROM TITEM WHERE ITEM = ANY 
(SELECT ITEM FROM TORDER WHERE MEMBER = '향단');

SELECT MEMBER, ITEM, (SELECT PRICE FROM TITEM WHERE TITEM.ITEM = TORDER.ITEM) PRICE 
FROM TORDER;

SELECT O.MEMBER, O.ITEM, (SELECT PRICE FROM TITEM I WHERE I.ITEM = O.ITEM) PRICE 
FROM TORDER O;

SELECT O.MEMBER, O.ITEM, I.PRICE FROM TORDER O JOIN TITEM I ON I.ITEM = O.ITEM; 

EXISTS (SELECT * FROM TCITY WHERE AREA > 1000)

SELECT NAME FROM TCITY WHERE EXISTS (SELECT * FROM TCITY WHERE AREA > 1000);

SELECT NAME FROM TCITY C WHERE EXISTS (SELECT * FROM TCITY WHERE C.AREA > 1000);

SELECT * FROM TMEMBER M WHERE EXISTS 
(SELECT * FROM TORDER O WHERE O.MEMBER = M.MEMBER);

SELECT * FROM TMEMBER M WHERE NOT EXISTS 
(SELECT * FROM TORDER O WHERE O.MEMBER = M.MEMBER);

SELECT * FROM TMEMBER WHERE MEMBER IN (SELECT DISTINCT MEMBER FROM TORDER);

....EXISTS (SELECT ITEM FROM TORDER O WHERE O.MEMBER = M.MEMBER);
....EXISTS (SELECT MEMBER FROM TORDER O WHERE O.MEMBER = M.MEMBER);
....EXISTS (SELECT '얼씨구' FROM TORDER O WHERE O.MEMBER = M.MEMBER);

SELECT * FROM (SELECT * FROM TCITY) A;

SELECT * FROM (SELECT NAME, POPU, AREA FROM TCITY) A;
SELECT * FROM (SELECT * FROM TCITY WHERE METRO = 'Y') B;

SELECT MEMBER, ADDR FROM (SELECT * FROM TMEMBER WHERE AGE < 19) A 
WHERE A.MONEY >= 100000;

SELECT MEMBER, ADDR FROM TMEMBER WHERE AGE < 19 AND MONEY >= 100000;

SELECT * FROM (SELECT * FROM TSTAFF WHERE GRADE = '과장' OR GRADE = '부장') A 
WHERE A.SCORE >= 70;

SELECT * FROM TSTAFF WHERE GRADE = '과장' OR GRADE = '부장' AND SCORE >= 70;

SELECT MEMBER, ADDR FROM (SELECT * FROM TMEMBER WHERE AGE < 19) A 
WHERE A.MONEY >= 100000;

SELECT * FROM (SELECT * FROM TCITY WHERE METRO = 'Y') A;

SELECT * FROM (SELECT * FROM TCITY WHERE METRO = 'Y') AS A;

SELECT NAME, POPU * 10000 AS INGU FROM TCITY;

SELECT NAME, POPU * 10000 AS INGU FROM TCITY WHERE INGU > 1000000;

SELECT * FROM (
	SELECT NAME, POPU * 10000 AS INGU FROM TCITY
) A
WHERE A.INGU > 1000000;

SELECT * FROM (
	SELECT NAME, POPU * 10000 AS INGU FROM TCITY
)
WHERE INGU > 1000000;

SELECT NAME, (POPU * 10000 / AREA) AS DENS FROM TCITY;

SELECT NAME, (POPU * 10000 / AREA) AS DENS 
	,CASE 
		WHEN (POPU * 10000 / AREA) > 1000 THEN '고밀도'
		WHEN (POPU * 10000 / AREA) > 100 THEN '중밀도'
		ELSE '저밀도'
	END DENSGRADE
FROM TCITY;

SELECT NAME, (POPU * 10000 / AREA) AS DENS 
	,CASE 
		WHEN DENS > 1000 THEN '고밀도'
		WHEN DENS > 100 THEN '중밀도'
		ELSE '저밀도'
	END DENSGRADE
FROM TCITY;

SELECT NAME, DENS 
	,CASE 
		WHEN DENS > 1000 THEN '고밀도'
		WHEN DENS > 100 THEN '중밀도'
		ELSE '저밀도'
	END DENSGRADE
FROM
(
	SELECT NAME, (POPU * 10000 / AREA) AS DENS FROM TCITY
) CD;

SELECT NAME, DENS 
	,CASE 
		WHEN DENS > 1000 THEN '고밀도'
		WHEN DENS > 100 THEN '중밀도'
		ELSE '저밀도'
	END DENSGRADE
	,
    CASE
    WHEN
        CASE 
            WHEN DENS > 1000 THEN '고밀도'
            WHEN DENS > 100 THEN '중밀도'
            ELSE '저밀도'
        END = '고밀도' THEN '8차로'
    WHEN
        CASE 
            WHEN DENS > 1000 THEN '고밀도'
            WHEN DENS > 100 THEN '중밀도'
            ELSE '저밀도'
        END = '중밀도' THEN '4차로'
    ELSE '2차로' 
    END ROADPLAN
FROM
(
	SELECT NAME, (POPU * 10000 / AREA) AS DENS FROM TCITY
) CD;

SELECT NAME, DENS, DENSGRADE,
CASE
    WHEN DENSGRADE = '고밀도' THEN '8차로'
    WHEN DENSGRADE = '중밀도' THEN '4차로'
    ELSE '2차로' 
END ROADPLAN
FROM
(
    SELECT NAME, DENS 
        ,CASE 
            WHEN DENS > 1000 THEN '고밀도'
            WHEN DENS > 100 THEN '중밀도'
            ELSE '저밀도'
        END DENSGRADE
    FROM
    (
        SELECT NAME, (POPU * 10000 / AREA) AS DENS FROM TCITY
    ) CD
) CR;

SELECT * FROM TITEM WHERE CATEGORY = '식품' 
UNION 
SELECT * FROM TITEM WHERE CATEGORY = '가전';

SELECT DISTINCT DEPART FROM TSTAFF WHERE SALARY > 400 
UNION ALL
SELECT DISTINCT DEPART FROM TSTAFF WHERE SCORE > 80;

SELECT * FROM TITEM WHERE CATEGORY = '식품' OR CATEGORY = '가전';

SELECT * FROM TMEMBER UNION SELECT * FROM TITEM;

SELECT MEMBER FROM TMEMBER 
UNION
SELECT NAME FROM TSTAFF 
UNION
SELECT NAME FROM TEMPLOYEE;

SELECT * FROM 부산대리점 UNION SELECT * FROM 서울대리점;

SELECT NAME FROM TSTAFF WHERE DEPART = '영업부'
INTERSECT 
SELECT NAME FROM TSTAFF WHERE GENDER = '여';

SELECT NAME FROM TSTAFF
INTERSECT
SELECT MEMBER FROM TMEMBER;

SELECT NAME FROM TSTAFF WHERE DEPART = '영업부'
MINUS 
SELECT NAME FROM TSTAFF WHERE GENDER = '여';

SELECT NAME FROM TSTAFF WHERE GENDER = '여'
MINUS
SELECT NAME FROM TSTAFF WHERE DEPART = '영업부';

오라클, 마리아 : CREATE TABLE TSTAFF2 AS SELECT * FROM TSTAFF;
MSSQL : SELECT * INTO TSTAFF2 FROM TSTAFF;

UPDATE TSTAFF2 SET SALARY = 500 WHERE NAME = '안창호';
UPDATE TSTAFF2 SET DEPART = '인사과' WHERE NAME = '성삼문';
DELETE FROM TSTAFF2 WHERE NAME = '홍길동';
INSERT INTO TSTAFF2 VALUES ('어우동', '총무부', '여', '20220401', '신입', 450, 0);

SELECT * FROM TSTAFF2
MINUS 
SELECT * FROM TSTAFF;

오라클, 마리아 : CREATE TABLE TCITYNEW AS SELECT * FROM TCITY;
MSSQL : SELECT * INTO TCITYNEW FROM TCITY;

UPDATE TCITYNEW SET POPU = 1000 WHERE NAME = '서울';
UPDATE TCITYNEW SET AREA = 900 WHERE NAME = '부산';
DELETE FROM TCITYNEW WHERE NAME = '춘천';
INSERT INTO TCITYNEW VALUES ('이천',461,21,'N','경기');

MERGE INTO TCITY T USING TCITYNEW S ON (S.NAME = T.NAME)
WHEN MATCHED THEN
	UPDATE SET T.AREA = S.AREA, T.POPU = S.POPU
WHEN NOT MATCHED THEN
	INSERT VALUES (S.NAME, S.AREA, S.POPU, S.METRO, S.REGION);

MERGE INTO TCITY T USING (SELECT * FROM TCITYNEW WHERE REGION = '경기') S ON (S.NAME = T.NAME)
....

MERGE INTO TCITY T USING TCITYNEW S ON (S.NAME = T.NAME AND S.REGION = '경기')
....

CREATE TABLE TCITYPOPU
(
	NAME CHAR(10) PRIMARY KEY,
	POPU INT NULL
);

INSERT INTO TCITYPOPU VALUES ('서울',1000);
INSERT INTO TCITYPOPU VALUES ('부산',500);
INSERT INTO TCITYPOPU VALUES ('춘천',100);

MERGE INTO TCITY C USING TCITYPOPU P ON (C.NAME = P.NAME)
WHEN MATCHED THEN UPDATE SET C.POPU = P.POPU;

UPDATE TCITY SET POPU = TCITYPOPU.POPU FROM TCITYPOPU WHERE TCITY.NAME = TCITYPOPU.NAME;

UPDATE TCITY SET POPU = S.POPU FROM TCITYPOPU AS S WHERE TCITY.NAME = S.NAME;

UPDATE TCITY AS T SET T.POPU = S.POPU FROM TCITYPOPU AS S WHERE T.NAME = S.NAME;

UPDATE TCITY SET POPU = (SELECT POPU FROM TCITYPOPU P WHERE P.NAME = TCITY.NAME)
WHERE NAME IN (SELECT NAME FROM TCITYPOPU)

-------------------------------------------------
-- 10장

CREATE TABLE TCAR
(
	CAR VARCHAR(30) NOT NULL,		-- 이름
	CAPACITY INT NOT NULL,			-- 배기량
	PRICE INT NOT NULL,			-- 가격
	MAKER VARCHAR(30) NOT NULL		-- 제조사
);

INSERT INTO TCAR (CAR, CAPACITY, PRICE, MAKER) VALUES ('소나타', 2000, 2500, '현대');
INSERT INTO TCAR (CAR, CAPACITY, PRICE, MAKER) VALUES ('티볼리', 1600, 2300, '쌍용');
INSERT INTO TCAR (CAR, CAPACITY, PRICE, MAKER) VALUES ('A8', 3000, 4800, 'AUDI');
INSERT INTO TCAR (CAR, CAPACITY, PRICE, MAKER) VALUES ('SM5', 2000, 2600, '삼성');

CREATE TABLE TMAKER
(
	MAKER VARCHAR(30) NOT NULL,		-- 회사
	FACTORY CHAR(10) NOT NULL,	    	-- 공장
	DOMESTIC CHAR(1) NOT NULL		-- 국산 여부. Y/N
);

INSERT INTO TMAKER (MAKER, FACTORY, DOMESTIC) VALUES ('현대', '부산', 'Y');
INSERT INTO TMAKER (MAKER, FACTORY, DOMESTIC) VALUES ('쌍용', '청주', 'Y');
INSERT INTO TMAKER (MAKER, FACTORY, DOMESTIC) VALUES ('AUDI', '독일', 'N');
INSERT INTO TMAKER (MAKER, FACTORY, DOMESTIC) VALUES ('기아', '서울', 'Y');

SELECT * FROM TCAR, TMAKER;

SELECT * FROM TCAR CROSS JOIN TMAKER;

SELECT * FROM TCAR, TMAKER WHERE TCAR.MAKER = TMAKER.MAKER;

SELECT TCAR.CAR, TCAR.PRICE, TMAKER.MAKER, TMAKER.FACTORY FROM TCAR, TMAKER 
WHERE TCAR.MAKER = TMAKER.MAKER;

SELECT TCAR.*, TMAKER.FACTORY FROM TCAR, TMAKER WHERE TCAR.MAKER = TMAKER.MAKER;

SELECT CAR, PRICE, TMAKER.MAKER, FACTORY FROM TCAR, TMAKER WHERE TCAR.MAKER = TMAKER.MAKER;

SELECT CAR, PRICE, MAKER, FACTORY FROM TCAR, TMAKER WHERE TCAR.MAKER = TMAKER.MAKER;

SELECT C.CAR, C.PRICE, M.MAKER, M.FACTORY FROM TCAR C, TMAKER M WHERE C.MAKER = M.MAKER;

SELECT A.CAR, A.PRICE, B.MAKER, B.FACTORY FROM TCAR A, TMAKER B WHERE A.MAKER = B.MAKER;

SELECT C.CAR, C.PRICE, M.MAKER, M.FACTORY FROM TCAR C INNER JOIN TMAKER M 
ON C.MAKER = M.MAKER;

SELECT C.CAR, C.PRICE, M.MAKER, M.FACTORY FROM TMAKER M INNER JOIN TCAR C 
ON M.MAKER = C.MAKER;

SELECT C.CAR, C.PRICE, MAKER, M.FACTORY FROM TCAR C INNER JOIN TMAKER M USING(MAKER);

SELECT C.CAR, C.PRICE, M.MAKER, M.FACTORY FROM TCAR C LEFT OUTER JOIN TMAKER M 
ON C.MAKER = M.MAKER;

SELECT C.CAR, C.PRICE, M.MAKER, M.FACTORY FROM TCAR C RIGHT OUTER JOIN TMAKER M 
ON C.MAKER = M.MAKER;

SELECT C.CAR, C.PRICE, M.MAKER, M.FACTORY FROM TMAKER M LEFT OUTER JOIN TCAR C 
ON C.MAKER = M.MAKER;

SELECT C.CAR, C.PRICE, M.MAKER, M.FACTORY FROM TCAR C FULL OUTER JOIN TMAKER M 
ON C.MAKER = M.MAKER;

SELECT * FROM TCAR C 
INNER JOIN TMAKER M ON C.MAKER = M.MAKER 
INNER JOIN TCITY T ON M.FACTORY = T.NAME;

SELECT C.CAR, M.FACTORY, T.AREA FROM TCAR C 
INNER JOIN TMAKER M ON C.MAKER = M.MAKER 
INNER JOIN TCITY T ON M.FACTORY = T.NAME;

SELECT * FROM TCAR C 
LEFT OUTER JOIN TMAKER M ON C.MAKER = M.MAKER 
LEFT OUTER JOIN TCITY T ON M.FACTORY = T.NAME;

SELECT * FROM TMAKER M 
INNER JOIN TCITY T ON M.FACTORY = T.NAME 
INNER JOIN TCAR C ON M.MAKER = C.MAKER;

SELECT * FROM TMAKER M 
LEFT OUTER JOIN TCITY T ON M.FACTORY = T.NAME 
LEFT OUTER JOIN TCAR C ON M.MAKER = C.MAKER;

SELECT MAKER FROM TCAR WHERE CAR = '티볼리';
SELECT FACTORY FROM TMAKER WHERE MAKER = '쌍용';

SELECT FACTORY FROM TMAKER WHERE MAKER = 
(SELECT MAKER FROM TCAR WHERE CAR = '티볼리');

SELECT * FROM TCAR C INNER JOIN TMAKER M ON M.MAKER = C.MAKER;

SELECT * FROM TCAR C INNER JOIN TMAKER M ON M.MAKER = C.MAKER AND C.CAR = '티볼리';

SELECT M.FACTORY FROM TCAR C INNER JOIN TMAKER M 
ON M.MAKER = C.MAKER AND C.CAR = '티볼리';

SELECT M.FACTORY, C.PRICE FROM TCAR C INNER JOIN TMAKER M 
ON M.MAKER = C.MAKER AND C.CAR = '티볼리';

SELECT FACTORY, PRICE FROM TMAKER WHERE MAKER = 
(SELECT MAKER FROM TCAR WHERE CAR = '티볼리');

SELECT FACTORY, (SELECT PRICE FROM TCAR WHERE CAR = '티볼리') AS PRICE 
FROM TMAKER WHERE MAKER = (SELECT MAKER FROM TCAR WHERE CAR = '티볼리');

SELECT C.*, M.FACTORY, M.DOMESTIC FROM TCAR C INNER JOIN TMAKER M 
ON M.MAKER = C.MAKER AND C.CAR = '티볼리';

INSERT INTO TCAR (CAR, CAPACITY, PRICE, MAKER) VALUES ('티볼리', 1800, 2600, '쌍용');

SELECT C.*, M.FACTORY, M.DOMESTIC FROM TCAR C LEFT OUTER JOIN TMAKER M 
ON C.MAKER = M.MAKER;

INSERT INTO TCAR (CAR, CAPACITY, PRICE, MAKER) VALUES ('소나타', 2400, 2900, '현대');
INSERT INTO TMAKER (MAKER, FACTORY, DOMESTIC) VALUES ('현대', '울산', 'Y');
INSERT INTO TMAKER (MAKER, FACTORY, DOMESTIC) VALUES ('현대', '마산', 'Y');

SELECT * FROM TCAR C INNER JOIN TMAKER M ON C.MAKER = M.MAKER;

SELECT * FROM TCAR C INNER JOIN TMAKER M ON C.MAKER = M.MAKER WHERE C.CAPACITY = 2000;

SELECT * FROM TCAR C INNER JOIN TMAKER M ON C.MAKER = M.MAKER AND C.CAPACITY = 2000;

SELECT * FROM TCAR C LEFT OUTER JOIN TMAKER M ON C.MAKER = M.MAKER 
WHERE C.CAPACITY = 2000;

SELECT * FROM TCAR C LEFT OUTER JOIN TMAKER M 
ON C.MAKER = M.MAKER AND C.CAPACITY = 2000;

SELECT * FROM TCAR C LEFT OUTER JOIN TMAKER M 
ON C.MAKER = M.MAKER AND C.CAPACITY = 2000 WHERE C.PRICE > 2800 ORDER BY PRICE DESC;

SELECT * FROM TCAR WHERE CAPACITY > 2000 C LEFT JOIN TMAKER M ON C.MAKER = M.MAKER;

SELECT * FROM (SELECT * FROM TCAR WHERE CAPACITY > 2000) C 
LEFT JOIN TMAKER M ON C.MAKER = M.MAKER;

SELECT * FROM TCAR C LEFT JOIN TMAKER M ON C.MAKER = M.MAKER WHERE C.CAPACITY > 2000;

SELECT * FROM (SELECT * FROM TCAR WHERE CAPACITY > 2000) C LEFT JOIN 
(SELECT * FROM TMAKER WHERE FACTORY = '울산') M ON C.MAKER = M.MAKER;

SELECT * FROM (SELECT * FROM TCAR WHERE CAPACITY > 2000) C LEFT JOIN 
TMAKER M ON C.MAKER = M.MAKER WHERE M.FACTORY = '울산';

SELECT * FROM TMEMBER, TORDER;

SELECT * FROM TMEMBER M, TORDER O WHERE M.MEMBER = O.MEMBER;
SELECT * FROM TMEMBER M INNER JOIN TORDER O ON M.MEMBER = O.MEMBER;

SELECT M.ADDR, M.MEMBER, O.ITEM, O.NUM, O.ORDERDATE FROM TMEMBER M 
INNER JOIN TORDER O ON M.MEMBER = O.MEMBER;

SELECT M.ADDR, M.MEMBER, O.ITEM, O.NUM, O.ORDERDATE FROM TMEMBER M 
LEFT OUTER JOIN TORDER O ON M.MEMBER = O.MEMBER;

SELECT M.ADDR, O.MEMBER, O.ITEM, O.NUM, O.ORDERDATE FROM TMEMBER M 
RIGHT OUTER JOIN TORDER O ON M.MEMBER = O.MEMBER;

SELECT M.ADDR, M.MEMBER, O.MEMBER, O.ITEM, O.NUM, O.ORDERDATE FROM TMEMBER M 
FULL OUTER JOIN TORDER O ON M.MEMBER = O.MEMBER;

SELECT ITEM, PRICE FROM TITEM WHERE ITEM = 
(SELECT ITEM FROM TORDER WHERE MEMBER='춘향');

SELECT * FROM TITEM I INNER JOIN TORDER O ON O.ITEM = I.ITEM;

SELECT * FROM TITEM I INNER JOIN TORDER O ON O.ITEM = I.ITEM WHERE O.MEMBER = '춘향';
SELECT * FROM TITEM I INNER JOIN TORDER O ON O.ITEM = I.ITEM AND O.MEMBER = '춘향';

SELECT O.ITEM, I.PRICE FROM TITEM I 
INNER JOIN TORDER O ON O.ITEM = I.ITEM WHERE O.MEMBER = '춘향';

SELECT O.ITEM, I.PRICE, O.NUM FROM TITEM I 
INNER JOIN TORDER O ON O.ITEM = I.ITEM WHERE O.MEMBER = '향단';

SELECT ITEM, PRICE, NUM FROM TITEM WHERE ITEM IN 
(SELECT ITEM FROM TORDER WHERE MEMBER='향단');

SELECT ITEM, PRICE, (SELECT NUM FROM TORDER O WHERE O.ITEM = I.ITEM) 
FROM TITEM I WHERE ITEM IN (SELECT ITEM FROM TORDER WHERE MEMBER='향단');

SELECT * FROM TMEMBER;

SELECT * FROM TMEMBER M 
INNER JOIN TORDER O ON M.MEMBER = O.MEMBER; 

SELECT * FROM TMEMBER M 
INNER JOIN TORDER O ON M.MEMBER = O.MEMBER 
INNER JOIN TITEM I ON I.ITEM = O.ITEM;

SELECT * FROM TMEMBER M 
INNER JOIN TORDER O ON M.MEMBER = O.MEMBER 
INNER JOIN TITEM I ON I.ITEM = O.ITEM
INNER JOIN TCATEGORY C ON I.CATEGORY = C.CATEGORY;

SELECT M.MEMBER, O.ITEM, O.NUM, O.ORDERDATE, I.PRICE, C.DELIVERY FROM TMEMBER M 
INNER JOIN TORDER O ON M.MEMBER = O.MEMBER 
INNER JOIN TITEM I ON I.ITEM = O.ITEM
INNER JOIN TCATEGORY C ON I.CATEGORY = C.CATEGORY;

SELECT M.MEMBER, O.ITEM, O.NUM, O.ORDERDATE, I.PRICE, C.DELIVERY 
FROM (SELECT * FROM TMEMBER WHERE AGE > 19) M 
INNER JOIN TORDER O ON M.MEMBER = O.MEMBER 
INNER JOIN TITEM I ON I.ITEM = O.ITEM
LEFT OUTER JOIN TCATEGORY C ON I.CATEGORY = C.CATEGORY AND C.CATEGORY != '성인'
WHERE I.PRICE * O.NUM > 100000 ORDER BY M.MEMBER;

SELECT M.MEMBER, O.ITEM, O.NUM, I.PRICE FROM TMEMBER M 
INNER JOIN TORDER O ON M.MEMBER = O.MEMBER 
INNER JOIN TITEM I ON I.ITEM = O.ITEM;

SELECT MEMBER, NUM * PRICE AS TOTAL, ITEM FROM
(
    SELECT M.MEMBER, O.ITEM, O.NUM, I.PRICE FROM TMEMBER M 
    INNER JOIN TORDER O ON M.MEMBER = O.MEMBER 
    INNER JOIN TITEM I ON I.ITEM = O.ITEM
) A;

SELECT * FROM
(
	SELECT M.MEMBER, M.ADDR, O.ITEM, O.NUM, O.ORDERDATE, I.PRICE, C.DELIVERY 
	FROM (SELECT * FROM TMEMBER WHERE AGE > 19) M 
	INNER JOIN TORDER O ON M.MEMBER = O.MEMBER 
	INNER JOIN TITEM I ON I.ITEM = O.ITEM
	LEFT OUTER JOIN TCATEGORY C ON I.CATEGORY = C.CATEGORY AND C.CATEGORY != '성인'
	WHERE I.PRICE * O.NUM > 100000
) A
LEFT OUTER JOIN TCITY T ON TRIM(T.NAME) = SUBSTR(A.ADDR, 0, 2);

MSSQL : LEFT OUTER JOIN TCITY T ON T.NAME = SUBSTRING(A.ADDR, 0, 4);
마리아 : LEFT OUTER JOIN TCITY T ON T.NAME = SUBSTRING(ADDR, 1, 2);

CREATE TABLE TDIRECTORY
(
	ID INT PRIMARY KEY,
	NAME VARCHAR(20) NOT NULL,
	PARENT INT NOT NULL
);

INSERT INTO TDIRECTORY (ID, NAME, PARENT) VALUES (1, 'ROOT', 0);
INSERT INTO TDIRECTORY (ID, NAME, PARENT) VALUES (2, 'DATA', 1);
INSERT INTO TDIRECTORY (ID, NAME, PARENT) VALUES (3, 'PROGRAM', 1);
INSERT INTO TDIRECTORY (ID, NAME, PARENT) VALUES (4, 'SOUND', 2);
INSERT INTO TDIRECTORY (ID, NAME, PARENT) VALUES (5, 'PICTURE', 2);
INSERT INTO TDIRECTORY (ID, NAME, PARENT) VALUES (6, 'GAME', 3);
INSERT INTO TDIRECTORY (ID, NAME, PARENT) VALUES (7, 'STARTCRAFT', 6);

SELECT A.NAME 부모, B.NAME 자식 FROM TDIRECTORY A 
INNER JOIN TDIRECTORY B ON A.ID = B.PARENT;

SELECT A.NAME 부모, A.ID, B.NAME, B.PARENT 자식 FROM TDIRECTORY A CROSS JOIN TDIRECTORY B;

SELECT * FROM TCAR, TMAKER WHERE TCAR.MAKER = TMAKER.MAKER;

SELECT * FROM TCAR INNER JOIN TMAKER ON TCAR.MAKER = TMAKER.MAKER;

SELECT * FROM TCAR LEFT OUTER JOIN TMAKER ON TCAR.MAKER = TMAKER.MAKER;

SELECT * FROM TCAR, TMAKER WHERE TCAR.MAKER = TMAKER.MAKER(+);
SELECT * FROM TCAR, TMAKER WHERE TCAR.MAKER(+) = TMAKER.MAKER;

SELECT * FROM TCAR, TMAKER WHERE TCAR.MAKER *= TMAKER.MAKER;

-------------------------------------------------
-- 11장

SELECT AVG(SCORE) FROM TSTAFF WHERE DEPART = '영업부';

SELECT ROUND(AVG(SCORE), 2) FROM TSTAFF WHERE DEPART = '영업부';

SELECT NAME, REPLACE(DEPART, '부', '팀') FROM TSTAFF;

SELECT NAME, GRADE, SALARY FROM TSTAFF WHERE DEPART='인사과';

SELECT TRIM(NAME) || ' ' || GRADE, SALARY FROM TSTAFF WHERE DEPART='인사과';

MSSQL : SELECT TRIM(NAME) + ' ' + GRADE, SALARY FROM TSTAFF WHERE DEPART='인사과';
마리아 : SELECT CONCAT(NAME, ' ', GRADE), SALARY FROM TSTAFF WHERE DEPART='인사과';

SELECT ROUND(1234.5678, 0) FROM DUAL;	-- 1235
SELECT ROUND(1234.5678, 1) FROM DUAL;	-- 1234.6
SELECT ROUND(1234.5678, 2) FROM DUAL; 	-- 1234.57

SELECT NAME, AREA, ROUND(AREA, -2) FROM TCITY;

SELECT LENGTH('KOREA대한민국') FROM DUAL;		-- 9
SELECT LENGTHB('KOREA대한민국') FROM DUAL;		-- 17

SELECT * FROM TITEM WHERE LENGTH(ITEM) = 2;

SELECT CONCAT(REGION, NAME) FROM TCITY;

오라클 : SELECT REGION || NAME FROM TCITY;
MSSQL : SELECT REGION + NAME FROM TCITY;

SELECT REGION || '도의 ' || NAME FROM TCITY;

SELECT CONCAT(CONCAT(REGION, '도의 '), NAME) FROM TCITY;
MSSQL, 마리아 : SELECT CONCAT(REGION, '도의 ' , NAME) FROM TCITY;

SELECT INSTR('우리나라 대한민국', '나라') FROM DUAL;      -- 3
SELECT INSTR('우리나라 대한민국', '민족') FROM DUAL;      -- 0

SELECT INSTR('국민에 의한 국민을 위한 국민의 국민당', '국민', 3) FROM DUAL;     -- 8
SELECT INSTR('국민에 의한 국민을 위한 국민의 국민당', '국민', 1, 3) FROM DUAL;  -- 15
SELECT INSTR('국민에 의한 국민을 위한 국민의 국민당', '국민', -1) FROM DUAL;    -- 19

MSSQL : SELECT CHARINDEX('국민', '국민에 의한 국민을 위한 국민의 국민당', 3);     -- 8
마리아 : SELECT POSITION('국민' IN '국민에 의한 국민을 위한 국민의 국민당');     -- 1

SELECT SUBSTR('아름다운 대한민국 금수강산', 6, 4) FROM DUAL;    -- 대한민국
SELECT SUBSTR('아름다운 대한민국 금수강산', -4, 2) FROM DUAL;   -- 금수

SELECT SUBSTR(NAME,1,1), COUNT(*) FROM TSTAFF GROUP BY SUBSTR(NAME,1,1) 
ORDER BY COUNT(*) DESC;

SELECT SUBSTR('...이름:홍길동,...', INSTR('...이름:홍길동,...','이름') + 3, 3) FROM DUAL;

SELECT LOWER('WONDERFUL SQL') FROM DUAL; -- WONDERFUL SQL
SELECT UPPER('WONDERFUL SQL') FROM DUAL; -- WONDERFUL SQL
SELECT INITCAP('WONDERFUL SQL') FROM DUAL; -- WONDERFUL SQL

SELECT * FROM TCITY WHERE METRO = 'Y';

SELECT * FROM TCITY WHERE UPPER(METRO) = 'Y';
SELECT * FROM TCITY WHERE LOWER(METRO) = 'Y';

SELECT CONCAT(NAME, ' 사원님') FROM TSTAFF;

SELECT CONCAT(TRIM(NAME), ' 사원님') FROM TSTAFF;

SELECT LPAD('SQL', 10, '>') FROM DUAL;  -- >>>>>>>SQL
SELECT RPAD('SQL', 10, '<') FROM DUAL;  -- SQL<<<<<<<

SELECT LPAD(RPAD('SQL', 10, '<'), 17, '>') FROM DUAL;	-- >>>>>>>SQL<<<<<<<

SELECT NAME, LPAD(AREA, 4, '0') FROM TCITY;

SELECT REPLACE('독도는 일본땅이다', '일본', '한국') FROM DUAL;

SELECT REPLACE('구글에서 구글링한다.', '구글', '네이버') FROM DUAL; 	
-- 네이버에서 네이버링한다.

SELECT REPLACE('GET_TOTAL_SCORE', '_', '') FROM DUAL;   -- GETTOTALSCORE

SELECT REPLACE('독도는 일본땅이다. 대마도는 일본땅이다.', '일본', '한국') FROM DUAL;

SELECT STUFF('독도는 일본땅이다. 대마도는 일본땅이다.', 5, 2, '한국');

SELECT SUBSTR('독도는 일본땅이다. 대마도는 일본땅이다.', 1, 
INSTR('독도는 일본땅이다. 대마도는 일본땅이다.', '일본') - 1) || '한국' ||
SUBSTR('독도는 일본땅이다. 대마도는 일본땅이다.', 
INSTR('독도는 일본땅이다. 대마도는 일본땅이다.', '일본') + 2) FROM DUAL;

SELECT SUBSTR(STR, 1 , INSTR(STR, '일본') - 1) || '한국' || SUBSTR(STR, INSTR(STR, '일본') + 2) 
FROM TTABLE;

POS = INSTR(STR, '일본');
SELECT SUBSTR(STR, 1 , POS - 1) || '한국' || SUBSTR(STR, POS + 2) FROM TTABLE;

INSERT INTO TDATE VALUES (TO_DATE('2021/12/25 12:34:56', 'YYYY/MM/DD HH24:MI:SS'));

SELECT AVG(POPU) FROM TCITY;

오라클 : SELECT CAST(AVG(POPU) AS INT) FROM TCITY;		-- 193
MSSQL : SELECT AVG(CAST(POPU AS DECIMAL)) FROM TCITY;	-- 193.25

SELECT '12' + 34 FROM DUAL;	-- 46
SELECT '12' || 34 FROM DUAL;	-- 1234

SELECT '12' + 34;					-- 46
SELECT '12' + CAST(34 AS VARCHAR(10));	-- 1234

SELECT '응답하라 ' + 1989;				-- 에러
SELECT '응답하라 ' + CAST(1989 AS VARCHAR(10));	-- 응답하라 1989

SELECT '응답하라 ' || 1989 FROM DUAL;

SELECT TO_CHAR(12345) FROM DUAL;		-- 12345
SELECT TO_CHAR(12345, '999,999') FROM DUAL;	--  12,345
SELECT TO_CHAR(12345, 'FM999,999') FROM DUAL; 	-- 12,345
SELECT TO_CHAR(12345, '000,999') FROM DUAL; 	-- 012,345

SELECT TO_NUMBER('12345') FROM DUAL;		-- 12345
SELECT TO_NUMBER('12,345') FROM DUAL;		-- 에러
SELECT TO_NUMBER('12,345', '999,999') FROM DUAL;	-- 12345

SELECT '응답하라 ' + CONVERT(VARCHAR(10), 1989);		-- 응답하라 1989

오라클 : SELECT NAME, NVL(SCORE, 10) FROM TSTAFF;
MSSQL : SELECT NAME, ISNULL(SCORE, 10) FROM TSTAFF;
마리아 : SELECT NAME, IFNULL(SCORE, 10) FROM TSTAFF;

SELECT NAME, NULLIF(SCORE, 0) FROM TSTAFF;

SELECT NAME, NVL(NULLIF(SCORE, 0), 60) FROM TSTAFF;

SELECT NAME, NVL2(SCORE, SALARY * SCORE / 100, 50) FROM TSTAFF;

SELECT NAME, DECODE(GENDER, '남', '멋쟁이', '여', '예쁜이', '몬난이') FROM TSTAFF;

SELECT SYSDATE FROM DUAL;  -- 20/10/17 12:21:42

INSERT INTO TSTAFF VALUES ('김한슬', '기획실', '여', SYSDATE, '수습', 480, 50);

SELECT SYSDATE + 12 FROM DUAL;

SELECT SYSDATE + 5/24 FROM DUAL;
SELECT SYSDATE - 30/1440 FROM DUAL;
SELECT SYSDATE - 80/86400 FROM DUAL;

SELECT NAME, SYSDATE - JOINDATE FROM TSTAFF;

SELECT TO_CHAR(SYSDATE, 'YYYY/MM/DD HH24:MI:SS') FROM DUAL;	  -- 2020/10/17 12:18:51
SELECT TO_CHAR(SYSDATE, 'YYYY/MM/DD AM HH:MI:SS') FROM DUAL; -- 2020/10/17 오후 12:20:35

SELECT TO_CHAR(SYSDATE, 'YYYY"년" MM"월" DD"일" HH24"시" MI"분" SS"초"') FROM DUAL;
-- 2020년 10월 17일 12시 24분 44초

SELECT NAME, TO_CHAR(JOINDATE, 'YYYY') FROM TSTAFF;

SELECT TO_CHAR(JOINDATE, 'YYYY') AS 년, TO_CHAR(JOINDATE, 'MM') AS 월, 
TO_CHAR(JOINDATE, 'DD') AS 일 FROM TSTAFF;

SELECT TO_DATE('1919/3/1', 'YYYY/MM/DD') FROM DUAL;

SELECT TO_DATE('1919-3-1', 'YYYY-MM-DD') FROM DUAL;
SELECT TO_DATE('19190301', 'YYYYMMDD') FROM DUAL;

SELECT TO_DATE('1919/3/1') FROM DUAL;
SELECT TO_DATE('1919-3-1') FROM DUAL;
SELECT TO_DATE('19190301') FROM DUAL;

SELECT SYSDATE - '1919/3/1' FROM DUAL;	-- 에러

SELECT SYSDATE - TO_DATE('1919/3/1') FROM DUAL;

SELECT TO_CHAR(TO_DATE('2023/3/8', 'YYYY/MM/DD') + 99, 'YYYY"년" MM"월" DD"일"') FROM DUAL;

SELECT GETDATE();

SELECT NAME, YEAR(JOINDATE) AS 년, MONTH(JOINDATE) AS 월, DAY(JOINDATE) AS 일 FROM TSTAFF;

SELECT YEAR(JOINDATE), COUNT(*) FROM TSTAFF GROUP BY YEAR(JOINDATE) 
ORDER BY YEAR(JOINDATE);

SELECT DATEPART(DW, GETDATE());
SELECT DATENAME(DW, GETDATE());

SELECT NAME, DATEDIFF(DAY,JOINDATE,GETDATE()) FROM TSTAFF;

SELECT DATEDIFF(DAY, '1919/3/1', GETDATE());

SELECT CONVERT(VARCHAR(20), GETDATE(),0);		-- 06 29 2021 10:43PM
SELECT CONVERT(VARCHAR(20), GETDATE(),11);		-- 21/06/29
SELECT CONVERT(VARCHAR(20), GETDATE(),111); 		-- 2021/06/29
SELECT CONVERT(VARCHAR(20), GETDATE(),101); 		-- 06/29/2021
SELECT CONVERT(VARCHAR(20), GETDATE(),103); 		-- 29/06/2021

SELECT NOW();

SELECT DATE_FORMAT(NOW(), '%Y/%M/%D %H:%I:%S');

SELECT DATE_FORMAT(JOINDATE, '%Y'), COUNT(*) FROM TSTAFF 
GROUP BY DATE_FORMAT(JOINDATE, '%Y') ORDER BY DATE_FORMAT(JOINDATE, '%Y');

SELECT DATE_ADD(NOW(), INTERVAL 12 DAY);		-- 12일 후
SELECT DATE_ADD(NOW(), INTERVAL 5 HOUR);		-- 5시간 후
SELECT DATE_SUB(NOW(), INTERVAL 30 MINUTE);		-- 30분 전

SELECT NAME, DATEDIFF(NOW(), JOINDATE) FROM TSTAFF;

-------------------------------------------------
-- 12장

SELECT MEMBER, AGE, ADDR FROM TMEMBER;

CREATE VIEW VMEMBER AS
SELECT MEMBER, AGE, ADDR FROM TMEMBER;

SELECT * FROM VMEMBER;

SELECT MEMBER, AGE FROM VMEMBER;
SELECT * FROM VMEMBER WHERE ADDR LIKE '%서울%';
SELECT * FROM VMEMBER ORDER BY MEMBER;

SELECT NAME, EMAIL FROM VMEMBER;

DROP VIEW VMEMBER;

CREATE VIEW VMEMBER AS SELECT MEMBER, AGE, ADDR, EMAIL FROM TMEMBER;

오라클, 마리아 : CREATE OR REPLACE VIEW VMEMBER AS SELECT MEMBER, AGE, ADDR, EMAIL FROM TMEMBER;
MSSQL : ALTER VIEW VMEMBER AS SELECT MEMBER, AGE, ADDR, EMAIL FROM TMEMBER;

CREATE VIEW VMEMBERMIRROR AS SELECT * FROM TMEMBER;

CREATE VIEW VSTAFFVIRT AS SELECT DEPART, SALARY, NAME FROM TSTAFF;

CREATE VIEW VSTAFFHORZ AS SELECT * FROM TSTAFF WHERE DEPART = '총무부';

CREATE VIEW VSTAFFPART AS SELECT NAME, SALARY FROM TSTAFF WHERE DEPART = '총무부';

CREATE VIEW VSTAFFALIAS(N, D, S) AS SELECT NAME, DEPART, SALARY FROM TSTAFF;

CREATE OR REPLACE VIEW VSTAFFALIAS AS SELECT NAME N, DEPART D , SALARY S FROM TSTAFF;

SELECT * FROM VSTAFFALIAS ORDER BY S;           -- 맞음
SELECT * FROM VSTAFFALIAS ORDER BY SALARY;      -- 에러

CREATE VIEW VSTAFFBONUS AS SELECT NAME, SALARY * SCORE / 100 AS BONUS FROM TSTAFF;

SELECT * FROM VSTAFFBONUS WHERE BONUS > 300;

CREATE VIEW VSHOPPING AS
SELECT M.MEMBER, M.ADDR, O.ITEM, O.NUM, O.ORDERDATE FROM TMEMBER M 
INNER JOIN TORDER O ON M.MEMBER = O.MEMBER;

CREATE VIEW VUNION AS
SELECT NAME, SALARY FROM TSTAFF WHERE DEPART = '인사과'
UNION
SELECT NAME, SALARY FROM TEMPLOYEE;

CREATE VIEW VVSTAFFHORZ AS
SELECT NAME, JOINDATE, SALARY FROM VSTAFFHORZ;

CREATE VIEW VORIGINAL AS SELECT A, B, C FROM TORIGINAL;

CREATE VIEW VORIGINAL(A, B, C) AS SELECT X, Y, C FROM TORIGINAL;

UPDATE VMEMBER SET ADDR = '서울 신사동' WHERE MEMBER = '춘향';

UPDATE VSTAFFBONUS SET BONUS = 500 WHERE NAME = '유관순';

INSERT INTO VSTAFFHORZ VALUES ('김한슬', '총무부', '여', '2022/08/14', '사원', 520, 55);

INSERT INTO VSTAFFHORZ VALUES ('김한결', '영업부', '남', '2023/05/13', '사원', 490, 35);

CREATE VIEW VSTAFFHORZCHECK AS 
SELECT * FROM TSTAFF WHERE DEPART = '총무부' WITH CHECK OPTION;

DELETE FROM TSTAFF WHERE NAME IN ('김한슬','김한결');
INSERT INTO VSTAFFHORZCHECK VALUES ('김한결', '영업부', '남', '2023/05/13', '사원', 490, 35);

UPDATE VSTAFFHORZCHECK SET DEPART = '기획팀' WHERE NAME = '김유신';

INSERT INTO VSTAFFVIRT (NAME, DEPART, SALARY) VALUES ('이완용', '영업부', 99);

CREATE VIEW VNOTEXIST AS SELECT * FROM TNOTEXIST;		-- 에러
CREATE FORCE VIEW VNOTEXIST AS SELECT * FROM TNOTEXIST;	-- 가능

CREATE VIEW VSTAFFREADONLY AS SELECT * FROM TSTAFF 
WHERE DEPART = '인사과' WITH READ ONLY;

CREATE VIEW VMEMBERENC WITH ENCRYPTION AS
SELECT MEMBER, AGE, ADDR FROM TMEMBER;

CREATE GLOBAL TEMPORARY TABLE TGTT (
	NAME VARCHAR(20) PRIMARY KEY,
	SCORE INT
);

INSERT INTO TGTT VALUES ('김한슬', 95);
INSERT INTO TGTT VALUES ('김한결', 80);
SELECT * FROM TGTT;

DROP TABLE TGTT;
CREATE GLOBAL TEMPORARY TABLE TGTT (
	NAME VARCHAR(20) PRIMARY KEY,
	SCORE INT
) ON COMMIT PRESERVE ROWS;

INSERT INTO TGTT VALUES ('김규민', 70);
SELECT * FROM TGTT;

CREATE TABLE #TTEMP (
	NAME VARCHAR(20) PRIMARY KEY,
	SCORE INT
);

INSERT INTO #TTEMP VALUES ('김한슬', 95);
INSERT INTO #TTEMP VALUES ('김한결', 80);
INSERT INTO #TTEMP VALUES ('김규민', 70);
SELECT * FROM #TTEMP;

CREATE TEMPORARY TABLE TTEMP (
	NAME VARCHAR(20) PRIMARY KEY,
	SCORE INT
);

INSERT INTO TTEMP VALUES ('김한슬', 95);
INSERT INTO TTEMP VALUES ('김한결', 80);
INSERT INTO TTEMP VALUES ('김규민', 70);
SELECT * FROM TTEMP;

CREATE GLOBAL TEMPORARY TABLE TTASKFORCE AS SELECT * FROM TSTAFF;

INSERT INTO TTASKFORCE SELECT * FROM (SELECT * FROM TSTAFF 
WHERE JOINDATE <= '20160101' ORDER BY SALARY DESC) WHERE ROWNUM <= 10;

MSSQL : SELECT TOP 10 * INTO #TTASKFORCE FROM TSTAFF 
WHERE JOINDATE <= '20160101' ORDER BY SALARY DESC;
마리아 : CREATE TEMPORARY TABLE TTASKFORCE AS SELECT * FROM TSTAFF 
WHERE JOINDATE <= '20160101' ORDER BY SALARY DESC LIMIT 10;

DELETE FROM TTASKFORCE WHERE SCORE < (SELECT AVG(SCORE) FROM TTASKFORCE 
WHERE GENDER = '남') AND GENDER = '남';

DELETE FROM TTASKFORCE WHERE SALARY < 
(SELECT AVG(SALARY) FROM TSTAFF) AND GENDER = '여';

DELETE FROM TTASKFORCE WHERE SALARY > 300 AND GRADE = '대리';
INSERT INTO TTASKFORCE SELECT * FROM TSTAFF WHERE SALARY > 380 AND GRADE = '과장';

SELECT NAME, SALARY, SCORE FROM TSTAFF WHERE DEPART = '영업부' AND GENDER = '남';

SELECT * FROM 
(
	SELECT NAME, SALARY, SCORE FROM TSTAFF WHERE DEPART = '영업부' AND GENDER = '남'
) A
WHERE SALARY >= (
	SELECT AVG(SALARY) FROM 
	(
		SELECT NAME, SALARY, SCORE FROM TSTAFF WHERE DEPART = '영업부' AND GENDER = '남'
	) B
);

CREATE GLOBAL TEMPORARY TABLE TBUSIMAN AS SELECT NAME, SALARY, SCORE FROM TSTAFF;
INSERT INTO TBUSIMAN SELECT NAME, SALARY, SCORE FROM TSTAFF 
WHERE DEPART = '영업부' AND GENDER = '남';

MSSQL: SELECT NAME, SALARY, SCORE INTO #TBUSIMAN FROM TSTAFF 
WHERE DEPART = '영업부' AND GENDER = '남';
마리아 : CREATE TEMPORARY TABLE TBUSIMAN AS 
SELECT NAME, SALARY, SCORE FROM TSTAFF WHERE DEPART = '영업부' AND GENDER = '남';

SELECT * FROM TBUSIMAN WHERE SALARY >= (SELECT AVG(SALARY) FROM TBUSIMAN);

CREATE VIEW VBUSIMAN AS SELECT NAME, SALARY, SCORE FROM TSTAFF 
WHERE DEPART = '영업부' AND GENDER = '남';
SELECT * FROM VBUSIMAN WHERE SALARY >= (SELECT AVG(SALARY) FROM VBUSIMAN);

WITH TBUSIMAN AS 
(SELECT NAME, SALARY, SCORE FROM TSTAFF WHERE DEPART = '영업부' AND GENDER = '남')
SELECT * FROM TBUSIMAN WHERE SALARY >= (SELECT AVG(SALARY) FROM TBUSIMAN);

WITH TBUSIMAN(이름, 월급, 성취도) AS 
(SELECT NAME, SALARY, SCORE FROM TSTAFF WHERE DEPART = '영업부' AND GENDER = '남')
SELECT * FROM TBUSIMAN WHERE 월급 >= (SELECT AVG(월급) FROM TBUSIMAN);

WITH TBUSIMAN AS 
(SELECT NAME, SALARY, SCORE FROM TSTAFF WHERE DEPART = '영업부' AND GENDER = '남'),
TBUSIGIRL AS 
(SELECT NAME, SALARY, SCORE FROM TSTAFF WHERE DEPART = '영업부' AND GENDER = '여')
SELECT * FROM TBUSIGIRL WHERE SALARY >= (SELECT AVG(SALARY) FROM TBUSIMAN);

WITH TBUSIMAN AS 
(SELECT NAME, SALARY, SCORE FROM TSTAFF WHERE DEPART = '영업부' AND GENDER = '남'),
TBUSIMANGOD AS 
(SELECT NAME, SALARY, SCORE FROM TBUSIMAN WHERE SCORE > 70)
SELECT * FROM TBUSIMANGOD;

WITH SHOPPING AS
(SELECT M.MEMBER, M.ADDR, O.ITEM, O.NUM, O.ORDERDATE FROM TMEMBER M 
INNER JOIN TORDER O ON M.MEMBER = O.MEMBER)
SELECT * FROM SHOPPING WHERE NUM >= (SELECT AVG(NUM) FROM SHOPPING);

CREATE VIEW VTEMP AS
(SELECT M.MEMBER, M.ADDR, O.ITEM, O.NUM, O.ORDERDATE FROM TMEMBER M 
INNER JOIN TORDER O ON M.MEMBER = O.MEMBER);

SELECT * FROM VTEMP WHERE NUM >= (SELECT AVG(NUM) FROM VTEMP);

WITH TFACT(NUM, SUM) AS (
	SELECT 1 AS NUM, 1 AS SUM FROM DUAL
	UNION ALL
	SELECT NUM + 1, SUM * (NUM + 1) FROM TFACT T WHERE T.NUM < 10
)
SELECT * FROM TFACT;

WITH TTREE(ID, NAME, PARENT, DEPTH) AS
(
	SELECT ID, NAME, PARENT, 0 FROM TDIRECTORY WHERE PARENT = 0
	UNION ALL
	SELECT D.ID, D.NAME, D.PARENT, T.DEPTH + 1 FROM TDIRECTORY D 
	INNER JOIN TTREE T ON D.PARENT = T.ID
)
SELECT * FROM TTREE;

WITH TTREE(ID, NAME, PARENT, DEPTH, FULLPATH) AS
(
	SELECT ID, NAME, PARENT, 0, CAST(NAME AS VARCHAR(256)) 
	FROM TDIRECTORY WHERE PARENT = 0
	UNION ALL
	SELECT D.ID, D.NAME, D.PARENT, T.DEPTH + 1, 
	CAST(CONCAT(CONCAT(T.FULLPATH, '/'), D.NAME) AS VARCHAR(256)) 
	FROM TDIRECTORY D 
	INNER JOIN TTREE T ON D.PARENT = T.ID
)
SELECT * FROM TTREE;

WITH TTREE(ID, NAME, PARENT, DEPTH, FULLPATH) AS
(
	SELECT ID, NAME, PARENT, 0, CAST(NAME AS VARCHAR(256)) 
	FROM TDIRECTORY WHERE PARENT = 0
	UNION ALL
	SELECT D.ID, D.NAME, D.PARENT, T.DEPTH + 1, 
	LPAD('L ', (T.DEPTH + 1) * 4) || D.NAME 
	FROM TDIRECTORY D 
	INNER JOIN TTREE T ON D.PARENT = T.ID
)
SELECT FULLPATH FROM TTREE;

CAST(SPACE((T.DEPTH + 1) * 4) + 'L ' + D.NAME AS VARCHAR(256))

-------------------------------------------------
-- 13장

CREATE TABLE TMONTHSALE
(
	YEAR INT,
	MONTH INT,
	SALES	INT
);

INSERT INTO TMONTHSALE VALUES(2021, 9, 3650);
INSERT INTO TMONTHSALE VALUES(2021, 10, 4120);
INSERT INTO TMONTHSALE VALUES(2021, 11, 5000);
INSERT INTO TMONTHSALE VALUES(2021, 12, 4420);
INSERT INTO TMONTHSALE VALUES(2022, 1, 3800);
INSERT INTO TMONTHSALE VALUES(2022, 2, 4200);
INSERT INTO TMONTHSALE VALUES(2022, 3, 4150);

SELECT GENDER, SUM(SALARY) FROM TSTAFF GROUP BY GENDER;
SELECT DEPART, SUM(SALARY) FROM TSTAFF GROUP BY DEPART;
SELECT DEPART, GENDER, SUM(SALARY) FROM TSTAFF GROUP BY DEPART, GENDER;

SELECT DEPART, SUM(SALARY) FROM TSTAFF GROUP BY ROLLUP(DEPART);

SELECT DEPART, GENDER, SUM(SALARY) FROM TSTAFF GROUP BY ROLLUP(DEPART, GENDER);

SELECT GENDER, DEPART, SUM(SALARY) FROM TSTAFF GROUP BY ROLLUP(GENDER, DEPART);

SELECT DEPART, GENDER, SUM(SALARY) FROM TSTAFF GROUP BY DEPART, ROLLUP(GENDER);
SELECT GENDER, DEPART, SUM(SALARY) FROM TSTAFF GROUP BY GENDER, ROLLUP(DEPART);

SELECT DEPART, GENDER, SUM(SALARY) FROM TSTAFF GROUP BY CUBE(DEPART, GENDER);

SELECT DEPART, GENDER, SUM(SALARY) FROM TSTAFF GROUP BY ROLLUP(DEPART, GENDER)
UNION
SELECT DEPART, GENDER, SUM(SALARY) FROM TSTAFF GROUP BY ROLLUP(GENDER, DEPART);

SELECT DEPART, GENDER, SUM(SALARY) FROM TSTAFF GROUP BY CUBE(GENDER, DEPART);

SELECT DEPART, GENDER, SUM(SALARY) FROM TSTAFF GROUP BY GROUPING SETS(DEPART, GENDER);

SELECT GROUPING(DEPART), DEPART, SUM(SALARY) FROM TSTAFF GROUP BY ROLLUP(DEPART);

SELECT CASE GROUPING(DEPART) WHEN 1 THEN '전체부서' ELSE DEPART END AS DEPART, 
SUM(SALARY) FROM TSTAFF GROUP BY ROLLUP(DEPART);

SELECT CASE GROUPING(DEPART) WHEN 1 THEN '전체부서' ELSE DEPART END AS DEPART,
	CASE GROUPING(GENDER) WHEN 1 THEN '전체성별' ELSE GENDER END AS GENDER, 
	SUM(SALARY) FROM TSTAFF GROUP BY CUBE(DEPART, GENDER)
	ORDER BY /*GROUPING(DEPART), GROUPING(GENDER),*/ DEPART, GENDER;

SELECT NAME, DEPART, SALARY, SUM(SALARY) FROM TSTAFF;

SELECT DEPART, SUM(SALARY) FROM TSTAFF GROUP BY DEPART;

SELECT NAME, DEPART, SALARY, (SELECT SUM(SALARY) FROM TSTAFF) AS 월급총합 FROM TSTAFF;

SELECT NAME, DEPART, SALARY, SUM(SALARY) OVER() AS 월급총합 FROM TSTAFF;

SELECT NAME, DEPART, SALARY, ROUND(SALARY * 100.0 / SUM(SALARY) OVER(), 2) 
AS 월급비율 FROM TSTAFF;

SELECT NAME, DEPART, SALARY, (SELECT SUM(SALARY) FROM TSTAFF GROUP BY DEPART) 
AS 부서월급총합 FROM TSTAFF;

SELECT NAME, DEPART, SALARY, (SELECT SUM(SALARY) FROM TSTAFF WHERE DEPART = A.DEPART) 
AS 부서월급총합 FROM TSTAFF A ORDER BY DEPART;

SELECT NAME, DEPART, SALARY, SUM(SALARY) OVER(PARTITION BY DEPART) 
AS 부서월급총합 FROM TSTAFF;

SELECT NAME, DEPART, SALARY, SUM(SALARY) OVER(ORDER BY NAME) 
AS 누적월급 FROM TSTAFF;

SELECT NAME, DEPART, SALARY, SUM(SALARY) OVER(PARTITION BY DEPART ORDER BY NAME) 
AS 부서누적월급 FROM TSTAFF;

SELECT NAME, DEPART, SALARY, (SELECT SUM(SALARY) FROM TSTAFF 
WHERE NAME <= A.NAME) AS 누적월급 FROM TSTAFF A ORDER BY NAME;
SELECT NAME, DEPART, SALARY, (SELECT SUM(SALARY) FROM TSTAFF 
WHERE NAME <= A.NAME AND DEPART = A.DEPART) AS 부서누적월급 
FROM TSTAFF A ORDER BY DEPART, NAME;

SELECT NAME, DEPART, SALARY, SUM(SALARY) OVER(ORDER BY NAME 
ROWS BETWEEN 1 PRECEDING AND 1 FOLLOWING) AS 누적월급 FROM TSTAFF;

SELECT NAME, DEPART, SALARY, SUM(SALARY) OVER(ORDER BY NAME 
ROWS BETWEEN CURRENT ROW AND UNBOUNDED FOLLOWING) AS 누적월급 FROM TSTAFF;

SELECT NAME, DEPART, JOINDATE, SALARY, 
SUM(SALARY) OVER(PARTITION BY DEPART ORDER BY JOINDATE 
ROWS BETWEEN CURRENT ROW AND 2 FOLLOWING) AS 누적월급 FROM TSTAFF;

SELECT NAME, DEPART, SALARY, SUM(SALARY) OVER(ORDER BY SALARY 
ROWS BETWEEN UNBOUNDED PRECEDING AND CURRENT ROW) AS 누적월급 FROM TSTAFF;

SELECT NAME, DEPART, SALARY, SUM(SALARY) OVER(ORDER BY SALARY 
RANGE BETWEEN UNBOUNDED PRECEDING AND CURRENT ROW) AS 누적월급 FROM TSTAFF;

SELECT RANK() OVER (ORDER BY SALARY DESC), TSTAFF.* FROM TSTAFF;
MSSQL, 마리아 : SELECT RANK() OVER (ORDER BY SALARY DESC), * FROM TSTAFF;

SELECT RANK() OVER (ORDER BY SALARY DESC), TSTAFF.* FROM TSTAFF ORDER BY SCORE;

SELECT RANK() OVER (ORDER BY SALARY DESC) AS 순위, TSTAFF.* FROM TSTAFF 
WHERE DEPART = '영업부';

SELECT RANK() OVER (PARTITION BY DEPART ORDER BY SALARY DESC) 
AS 순위, TSTAFF.* FROM TSTAFF;

SELECT DENSE_RANK() OVER (ORDER BY SALARY DESC), TSTAFF.* FROM TSTAFF;

SELECT ROW_NUMBER() OVER (ORDER BY NAME), TSTAFF.* FROM TSTAFF;

SELECT ROW_NUMBER() OVER (ORDER BY ROWNUM) AS 순서, TSTAFF.* FROM TSTAFF;

SELECT ROW_NUMBER() OVER (ORDER BY NAME) AS 순서, TSTAFF.* FROM TSTAFF
ORDER BY 순서 OFFSET 2 * 5 ROWS FETCH NEXT 5 ROWS ONLY;

SELECT * FROM
(SELECT ROW_NUMBER() OVER (ORDER BY NAME) AS 순서, TSTAFF.* FROM TSTAFF) S
WHERE S.순서 > 2 * 5 AND ROWNUM <= 5;

SELECT TOP(5) * FROM
(SELECT ROW_NUMBER() OVER (ORDER BY NAME) AS 순서, TSTAFF.* FROM TSTAFF) S
WHERE S.순서 > 2 * 5;

SELECT ROW_NUMBER() OVER (ORDER BY NAME) AS 순서, TSTAFF.* FROM TSTAFF LIMIT 11, 5;

SELECT NTILE(4) OVER (ORDER BY SALARY DESC) AS 구간, NAME, SALARY FROM TSTAFF;
SELECT NTILE(4) OVER (PARTITION BY GENDER ORDER BY SALARY DESC) 
AS 구간, NAME, GENDER, SALARY FROM TSTAFF;

SELECT NAME, SCORE FROM 
(SELECT NTILE(5) OVER (ORDER BY SCORE DESC) AS 구간, TSTAFF.* FROM TSTAFF) S 
WHERE S.구간 = 3;

SELECT YEAR, MONTH, SALES,
	LAG(SALES) OVER (ORDER BY YEAR, MONTH) AS PRIORMONTH,
	LEAD(SALES) OVER (ORDER BY YEAR, MONTH) AS NEXTMONTH
FROM TMONTHSALE;

SELECT YEAR, MONTH, SALES,
	SALES - LAG(SALES) OVER (ORDER BY YEAR, MONTH) AS INCSALES
FROM TMONTHSALE;

SELECT YEAR, MONTH, SALES,
	LAG(SALES) OVER (PARTITION BY YEAR ORDER BY YEAR, MONTH) AS PRIORMONTH,
	LEAD(SALES) OVER (PARTITION BY YEAR ORDER BY YEAR, MONTH) AS NEXTMONTH
FROM TMONTHSALE;

SELECT YEAR, MONTH, SALES,
	ROUND(CUME_DIST() OVER (ORDER BY YEAR, MONTH) * 100, 2) AS CUME,
	ROUND(PERCENT_RANK() OVER (ORDER BY YEAR, MONTH) * 100, 2) AS RANK
FROM TMONTHSALE;

SELECT NAME, SALARY,
	ROUND(CUME_DIST() OVER (ORDER BY SALARY) * 100, 2) AS CUME,
	ROUND(PERCENT_RANK() OVER (ORDER BY SALARY) * 100, 2) AS RANK
FROM TSTAFF;

SELECT DEPART, NAME, SALARY,
	ROUND(CUME_DIST() OVER (PARTITION BY DEPART ORDER BY SALARY) * 100, 2) AS CUME,
	ROUND(PERCENT_RANK() OVER (PARTITION BY DEPART ORDER BY SALARY) * 100, 2) AS RANK
FROM TSTAFF;

SELECT NAME, SALARY,
	FIRST_VALUE(SALARY) OVER (ORDER BY SALARY) AS FIRST,
	LAST_VALUE(SALARY) OVER (ORDER BY SALARY) AS MIDLAST,
	LAST_VALUE(SALARY) OVER (ORDER BY SALARY ROWS BETWEEN UNBOUNDED PRECEDING AND UNBOUNDED FOLLOWING) AS LAST
FROM TSTAFF;

SELECT NAME, SALARY,
	SALARY - FIRST_VALUE(SALARY) OVER (ORDER BY SALARY) AS 최저월급기준,
	LAST_VALUE(SALARY) OVER (ORDER BY SALARY ROWS BETWEEN UNBOUNDED PRECEDING AND UNBOUNDED FOLLOWING) - SALARY AS 최고월급기준
FROM TSTAFF ORDER BY NAME;

SELECT DEPART, NAME, SALARY,
	SALARY - FIRST_VALUE(SALARY) OVER (PARTITION BY DEPART ORDER BY SALARY) AS 최저월급기준,
	LAST_VALUE(SALARY) OVER (PARTITION BY DEPART ORDER BY SALARY ROWS BETWEEN UNBOUNDED PRECEDING AND UNBOUNDED FOLLOWING) - SALARY AS 최고월급기준
FROM TSTAFF ORDER BY DEPART, SALARY;

SELECT YEAR, MONTH, SALES,	
PERCENTILE_CONT(0.5) WITHIN GROUP (ORDER BY SALES) 
OVER (PARTITION BY YEAR) AS CONT,	
PERCENTILE_DISC(0.5) WITHIN GROUP (ORDER BY SALES) 
OVER (PARTITION BY YEAR) AS DISC
FROM TMONTHSALE;

CREATE TABLE TSEASON
(
	ITEM VARCHAR(10),
	SEASON VARCHAR(10),
	SALE INT
);

INSERT INTO TSEASON VALUES ('냉면', '봄', 20);
INSERT INTO TSEASON VALUES ('냉면', '여름', 50);
INSERT INTO TSEASON VALUES ('냉면', '가을', 30);
INSERT INTO TSEASON VALUES ('냉면', '겨울', 10);
INSERT INTO TSEASON VALUES ('짬뽕', '봄', 30);
INSERT INTO TSEASON VALUES ('짬뽕', '여름', 10);
INSERT INTO TSEASON VALUES ('짬뽕', '가을', 20);
INSERT INTO TSEASON VALUES ('짬뽕', '겨울', 40);

SELECT * FROM TSEASON
PIVOT (MAX(SALE) FOR SEASON IN ('봄', '여름', '가을', '겨울'));

SELECT * FROM TSEASON
PIVOT (MAX(SALE) FOR SEASON IN ('여름', '봄', '가을'));

SELECT * FROM TSEASON
PIVOT (MAX(SALE) FOR ITEM IN ('냉면', '짬뽕'))

SELECT * FROM TSEASON
PIVOT (SALE FOR SEASON IN ('봄', '여름', '가을', '겨울')) PVT;

SELECT * FROM TSEASON
PIVOT (SUM(SALE) FOR SEASON IN ('봄', '여름', '가을', '겨울')) PVT;

INSERT INTO TSEASON2 VALUES ('냉면', '봄', 20);
INSERT INTO TSEASON2 VALUES ('냉면', '여름', 50);
INSERT INTO TSEASON2 VALUES ('냉면', '가을', 30);
INSERT INTO TSEASON2 VALUES ('짬뽕', '봄', 30);
INSERT INTO TSEASON2 VALUES ('짬뽕', '가을', 20);
INSERT INTO TSEASON2 VALUES ('짬뽕', '겨울', 40);
INSERT INTO TSEASON2 VALUES ('짬뽕', '겨울', 30);

SELECT * FROM TSEASON2 PIVOT (MAX(SALE) FOR SEASON IN ('봄', '여름', '가을', '겨울')) PVT;
SELECT * FROM TSEASON2 PIVOT (SUM(SALE) FOR SEASON IN ('봄', '여름', '가을', '겨울')) PVT;

CREATE TABLE TTRAFFIC
(
	LINE VARCHAR(10),
	HOUR INT,
	CAR VARCHAR(20),
	TRAFFIC INT
);

INSERT INTO TTRAFFIC VALUES ('경부', 1, '승용차', 40);
INSERT INTO TTRAFFIC VALUES ('경부', 2, '승용차', 41);
INSERT INTO TTRAFFIC VALUES ('경부', 3, '승용차', 42);
INSERT INTO TTRAFFIC VALUES ('경부', 1, '트럭', 30);
INSERT INTO TTRAFFIC VALUES ('경부', 3, '트럭', 32);
INSERT INTO TTRAFFIC VALUES ('호남', 1, '승용차', 20);
INSERT INTO TTRAFFIC VALUES ('호남', 2, '승용차', 10);
INSERT INTO TTRAFFIC VALUES ('호남', 2, '승용차', 11);
INSERT INTO TTRAFFIC VALUES ('호남', 3, '승용차', 22);
INSERT INTO TTRAFFIC VALUES ('호남', 1, '트럭', 10);
INSERT INTO TTRAFFIC VALUES ('호남', 2, '트럭', 11);
INSERT INTO TTRAFFIC VALUES ('호남', 3, '트럭', 12);

SELECT * FROM TTRAFFIC PIVOT (SUM(TRAFFIC) FOR LINE IN ('경부', '호남')) PVT;
SELECT * FROM TTRAFFIC PIVOT (SUM(TRAFFIC) FOR HOUR IN ('1', '2', '3')) PVT;

SELECT LINE, CAR, TRAFFIC FROM TTRAFFIC 
PIVOT (SUM(TRAFFIC) FOR CAR IN ('승용차', '트럭')) PVT;

SELECT * FROM
(
	SELECT LINE, CAR, TRAFFIC FROM TTRAFFIC
) PREPVT
PIVOT (SUM(TRAFFIC) FOR CAR IN ('승용차', '트럭')) PVT;

SELECT LINE, SUM(승용차), SUM(트럭) FROM TTRAFFIC
PIVOT (SUM(TRAFFIC) FOR CAR IN ('승용차' AS 승용차, '트럭' AS 트럭)) PVT
GROUP BY LINE;

SELECT * FROM
(
	SELECT HOUR, CAR, TRAFFIC FROM TTRAFFIC
) PREPVT
PIVOT (SUM(TRAFFIC) FOR CAR IN ('승용차', '트럭')) PVT;

SELECT * FROM
(
	SELECT CAR, TRAFFIC FROM TTRAFFIC
) PREPVT
PIVOT (SUM(TRAFFIC) FOR CAR IN ('승용차', '트럭')) PVT;

SELECT LINE, 트럭, 승용차 FROM
(
	SELECT LINE, HOUR, CAR, TRAFFIC FROM TTRAFFIC
) PREPVT
PIVOT (SUM(TRAFFIC) FOR CAR IN ('승용차' AS 승용차, '트럭' AS 트럭)) PVT;

SELECT LINE || '선 ' || CAST(HOUR AS VARCHAR(10)) || '시' AS 구분, 트럭, 승용차 FROM
(
	SELECT LINE, HOUR, CAR, TRAFFIC FROM TTRAFFIC
) PREPVT
PIVOT (SUM(TRAFFIC) FOR CAR IN ('승용차' AS 승용차, '트럭' AS 트럭)) PVT
ORDER BY LINE;

CREATE TABLE TCITYSTAT
(
	NAME CHAR(10),
	ATTR CHAR(10),
	VALUE INT
);

INSERT INTO TCITYSTAT VALUES ('서울', 'AREA', 605);
INSERT INTO TCITYSTAT VALUES ('서울', 'POPU', 974);
INSERT INTO TCITYSTAT VALUES ('서울', 'GU', 25);
INSERT INTO TCITYSTAT VALUES ('인제', 'AREA', 1646);
INSERT INTO TCITYSTAT VALUES ('인제', 'POPU', 3);
INSERT INTO TCITYSTAT VALUES ('인제', 'HOME', 15409);
INSERT INTO TCITYSTAT VALUES ('홍천', 'AREA', 1819);

SELECT * FROM TCITYSTAT
PIVOT (MAX(VALUE) FOR ATTR IN ('AREA' AS AREA, 'POPU' AS POPU)) PVT;

SELECT NAME, ROUND(POPU * 10000 / AREA, 2) AS 인구밀도 FROM
(
    SELECT * FROM TCITYSTAT
    PIVOT (MAX(VALUE) FOR ATTR IN ('AREA' AS AREA, 'POPU' AS POPU)) PVT
) A;

WHERE POPU IS NOT NULL AND AREA IS NOT NULL

CREATE TABLE TSEASONPIVOT AS 
SELECT * FROM TSEASON
PIVOT (SUM(SALE) FOR SEASON IN ('봄' AS 봄, '여름' AS 여름, '가을' AS 가을, '겨울' AS 겨울));

SELECT * INTO TSEASONPIVOT FROM TSEASON
PIVOT (SUM(SALE) FOR SEASON IN (봄, 여름, 가을, 겨울)) PVT;

SELECT * FROM TSEASONPIVOT
UNPIVOT (SALE FOR SEASON IN (봄, 여름, 가을, 겨울)) UNPVT;

SELECT * FROM
(
    SELECT * FROM TSEASON
    PIVOT (SUM(SALE) FOR SEASON IN 
    ('봄' AS 봄, '여름' AS 여름, '가을' AS 가을, '겨울' AS 겨울)) PVT
) A
UNPIVOT (SALE FOR SEASON IN (봄, 여름, 가을, 겨울)) UNPVT;

-------------------------------------------------
-- 14장

ALTER TABLE TCITY ADD MAYOR CHAR(12) NULL;

UPDATE TCITY SET MAYOR = '오륙도' WHERE NAME = '부산';

ALTER TABLE TCITY ADD MAYOR CHAR(12) NOT NULL;

ALTER TABLE TCITY DROP COLUMN MAYOR;

DROP TABLE TPROJECT;
CREATE TABLE TPROJECT
(
	PROJECTID INT,
	EMPLOYEE CHAR(10),
	PROJECT VARCHAR(30),
	COST INT
);

INSERT INTO TPROJECT VALUES (1, '김상형', '홍콩 수출건', 800);
INSERT INTO TPROJECT VALUES (1, '김상형', 'TV 광고건', 3400);

TRUNCATE TABLE TPROJECT;
ALTER TABLE TPROJECT ADD CONSTRAINT PK_PROJECTID PRIMARY KEY(PROJECTID);

오라클, MSSQL : ALTER TABLE TPROJECT DROP CONSTRAINT PK_PROJECTID;
오라클, 마리아 : ALTER TABLE TPROJECT DROP PRIMARY KEY;

DELETE FROM TPROJECT WHERE EMPLOYEE='바이든';
ALTER TABLE TPROJECT ADD CONSTRAINT FK_PROJECT_EMPLOYEE 
FOREIGN KEY(EMPLOYEE) REFERENCES TEMPLOYEE(NAME);

ALTER TABLE TPROJECT DROP CONSTRAINT FK_PROJECT_EMPLOYEE;

오라클, 마리아 : ALTER TABLE TCITY MODIFY REGION CHAR(30);
MSSQL : ALTER TABLE TCITY ALTER COLUMN REGION CHAR(30);

INSERT INTO TCITY VALUES ('제주',1849,67,'Y','제주특별자치도');

오라클, 마리아 : ALTER TABLE TCITY MODIFY REGION CHAR(1);
MSSQL : ALTER TABLE TCITY ALTER COLUMN REGION CHAR(1);

오라클, 마리아 : ALTER TABLE TCITY MODIFY POPU DECIMAL(10,2);
MSSQL : ALTER TABLE TCITY ALTER COLUMN POPU DECIMAL(10,2);

UPDATE TCITY SET POPU = 21.2389 WHERE NAME = '오산';

CREATE TABLE TCITYBACKUP AS SELECT * FROM TCITY;		-- 백업
TRUNCATE TABLE TCITY;					-- 원본 비움
ALTER TABLE TCITY MODIFY POPU DECIMAL(10,2);		-- 필드 타입 변경
INSERT INTO TCITY SELECT * FROM TCITYBACKUP;		-- 백업 복원
UPDATE TCITY SET POPU = 21.2389 WHERE NAME = '오산';		-- 필드값 변경
COMMIT;									-- 확정
DROP TABLE TCITYBACKUP;					-- 백업 삭제

DELETE FROM TPROJECT WHERE EMPLOYEE='트럼프';
오라클, 마리아 : ALTER TABLE TPROJECT MODIFY PROJECT VARCHAR(30) NOT NULL;	
MSSQL : ALTER TABLE TPROJECT ALTER COLUMN PROJECT VARCHAR(30) NOT NULL;

오라클 : ALTER TABLE TPROJECT MODIFY COST DEFAULT 100;
마리아 : ALTER TABLE TPROJECT MODIFY COST VARCHAR(30) DEFAULT 100;
MSSQL : ALTER TABLE TPROJECT ALTER COLUMN PROJECT VARCHAR(30) DEFAULT 100 NOT NULL;

INSERT INTO TPROJECT (PROJECTID, EMPLOYEE, PROJECT) VALUES (4, '오바마', '기후 변화 회의 참석');

INSERT INTO TPROJECT VALUES (5, '클린턴', '북핵 제거', -100);

DELETE FROM TPROJECT WHERE EMPLOYEE='클린턴';
ALTER TABLE TPROJECT ADD CONSTRAINT COST_CHECK CHECK(COST > 0);

CREATE TABLE TCITYBACKUP AS SELECT * FROM TCITY;
DROP TABLE TCITY;
CREATE TABLE TCITY
(
	NAME CHAR(10) PRIMARY KEY,
	REGION CHAR(6) NOT NULL,
	AREA INT NULL ,
	POPU INT NULL ,
	METRO CHAR(1) NOT NULL
);
INSERT INTO TCITY (NAME, REGION, AREA, POPU, METRO) 
    SELECT NAME, REGION, AREA, POPU, METRO FROM TCITYBACKUP;
COMMIT;
DROP TABLE TCITYBACKUP;

오라클 : ALTER TABLE TCITY RENAME COLUMN POPU TO INGU;
MSSQL : SP_RENAME 'TCITY.POPU', 'INGU';
마리아 : ALTER TABLE TCITY CHANGE POPU INGU INT NULL; 

오라클, 마리아 : ALTER TABLE TCITY RENAME TO TDOSI;
MSSQL : SP_RENAME 'TCITY', 'TDOSI';

COMMENT ON TABLE TCITY IS '도시 목록';
COMMENT ON COLUMN TCITY.POPU IS '인구';

SELECT COMMENTS FROM USER_TAB_COMMENTS WHERE TABLE_NAME = 'TCITY';
SELECT * FROM USER_COL_COMMENTS WHERE TABLE_NAME = 'TCITY';

SP_ADDEXTENDEDPROPERTY 'MS_DESCRIPTION', '도시목록', 'USER', DBO, 'TABLE', TCITY;
SP_ADDEXTENDEDPROPERTY 'MS_DESCRIPTION', '인구', 'USER', DBO, 'TABLE', TCITY, 'COLUMN', POPU;

-------------------------------------------------
-- 15장

SET SERVEROUTPUT ON;

BEGIN
	DBMS_OUTPUT.PUT_LINE('안녕하세요');
END;

BEGIN
	DBMS_OUTPUT.PUT_LINE('안녕하세요')
END

BEGIN
	DBMS_OUTPUT.PUT_LINE(2 + 3 * 4);
	DBMS_OUTPUT.PUT_LINE(POWER(2, 3));
END;

DECLARE
    V_PRICE INT := 1000;
    V_NUM INT := 5;
    V_TOTAL INT;
BEGIN
    V_TOTAL := V_PRICE * V_NUM;
    DBMS_OUTPUT.PUT_LINE(V_TOTAL);
END;

DECLARE V_PRICE INT := 1000;V_NUM INT := 5;V_TOTAL INT;
BEGIN V_TOTAL := V_PRICE * V_NUM;DBMS_OUTPUT.PUT_LINE(V_TOTAL);END;

DECLARE
    C_MILE CONSTANT NUMBER := 1.609;
    V_KILO INT;
BEGIN
    V_KILO := 400;
    DBMS_OUTPUT.PUT_LINE(V_KILO * C_MILE);
END;

DECLARE
    V_PRICE TITEM.PRICE%TYPE := 1000;
    V_NUM V_PRICE%TYPE := 5;
    V_TOTAL V_PRICE%TYPE;
BEGIN
    V_TOTAL := V_PRICE * V_NUM;
    DBMS_OUTPUT.PUT_LINE(V_TOTAL);
END;

DECLARE 
    V_ISOK BOOLEAN;
BEGIN
    V_ISOK := (1 = 1);
    IF V_ISOK THEN
        DBMS_OUTPUT.PUT_LINE('OK');
    END IF;
END;

DECLARE 
    V_MEMBER TORDER.MEMBER%TYPE;
BEGIN
    SELECT MEMBER INTO V_MEMBER FROM TORDER WHERE ORDERID = 1;
    DBMS_OUTPUT.PUT_LINE(V_MEMBER);
END;

DECLARE 
    V_MEMBER TORDER.MEMBER%TYPE;
    V_ITEM VARCHAR(20);
BEGIN
    SELECT MEMBER, ITEM INTO V_MEMBER, V_ITEM FROM TORDER WHERE ORDERID = 1;
    DBMS_OUTPUT.PUT_LINE(V_MEMBER || '의 ' || V_ITEM || ' 주문');
END;

DECLARE
    V_ROW TCITY%ROWTYPE;
BEGIN
    SELECT * INTO V_ROW FROM TCITY WHERE NAME = '부산';
    DBMS_OUTPUT.PUT_LINE(TRIM(V_ROW.NAME) || ', ' || V_ROW.AREA || ', ' || V_ROW.POPU);
END;

DECLARE
    V_ROW TCITY%ROWTYPE;
BEGIN
    SELECT NAME, REGION INTO V_ROW.NAME, V_ROW.REGION FROM TCITY WHERE NAME = '춘천';
    DBMS_OUTPUT.PUT_LINE(V_ROW.REGION || '도의 ' || V_ROW.NAME);
END;

DECLARE
    TYPE CAP IS RECORD(AREA INT, POPU INT);
    CITY CAP;
BEGIN
    SELECT AREA, POPU INTO CITY FROM TCITY WHERE NAME = '부산';
    DBMS_OUTPUT.PUT_LINE(CITY.AREA || ',' || CITY.POPU);
END;

TYPE CAP IS RECORD(AREA TCITY.AREA%TYPE, POPU TCITY.POPU%TYPE);

DECLARE
    V_MAXPOPU INT;
    V_CITYNAME VARCHAR(10);
BEGIN
    SELECT MAX(POPU) INTO V_MAXPOPU FROM TCITY;
    SELECT NAME INTO V_CITYNAME FROM TCITY WHERE POPU = V_MAXPOPU;
    DBMS_OUTPUT.PUT_LINE(V_CITYNAME);
END;

DECLARE
    V_POPU INT;
BEGIN
    SELECT POPU INTO V_POPU FROM TCITY WHERE NAME = '서울';
    V_POPU := V_POPU * 2;
    UPDATE TCITY SET POPU = V_POPU WHERE NAME = '서울';
END;

DECLARE
    TYPE INT_ARRAY IS VARRAY(5) OF NUMBER;
    AR INT_ARRAY;
BEGIN
    AR := INT_ARRAY(8, 9, 0, 6, 2);
    FOR IDX IN 1..5
    LOOP
        DBMS_OUTPUT.PUT_LINE(AR(IDX));
    END LOOP;
END;

DECLARE
    TYPE INT_ARRAY IS VARRAY(3) OF NUMBER;
    TYPE INT_ARRAY2 IS VARRAY(3) OF INT_ARRAY;
    AR INT_ARRAY2;
BEGIN
    AR := INT_ARRAY2(INT_ARRAY(1, 2, 3), INT_ARRAY(4, 5, 6), INT_ARRAY(7, 8, 9));
    DBMS_OUTPUT.PUT_LINE(AR(2)(3));
END;

DECLARE
    TYPE INT_TABLE IS TABLE OF NUMBER;
    AR INT_TABLE;
BEGIN
    AR := INT_TABLE(1, 2, 3, 4, 5, 6);
    DBMS_OUTPUT.PUT_LINE(AR(4));
END;

DECLARE
    TYPE STRING_INT_MAP IS TABLE OF NUMBER INDEX BY STRING(20);
    SCORE STRING_INT_MAP;
BEGIN
    SCORE('홍길동') := 80;
    SCORE('황진이') := 90;
    SCORE('어우동') := 90;
    SCORE.DELETE('황진이');
    DBMS_OUTPUT.PUT_LINE(SCORE.COUNT());
    DBMS_OUTPUT.PUT_LINE(SCORE('홍길동'));
END;

DECLARE V_SCORE INT := 12;
BEGIN
    IF V_SCORE = 12 THEN
        DBMS_OUTPUT.PUT_LINE('12입니다');
    ELSE
        DBMS_OUTPUT.PUT_LINE('12가 아닙니다');
    END IF;
END;

DECLARE V_SCORE INT := 12;
BEGIN
    IF V_SCORE = 12 THEN
        DBMS_OUTPUT.PUT_LINE('12입니다');
        DBMS_OUTPUT.PUT_LINE('참 잘했어요.');
    ELSE
        DBMS_OUTPUT.PUT_LINE('12가 아닙니다');
        DBMS_OUTPUT.PUT_LINE('좀 더 노력하세요.');
    END IF;
END;

DECLARE 
    V_POPU INT;
    V_MESSAGE VARCHAR(50);
BEGIN
    SELECT POPU INTO V_POPU FROM TCITY WHERE NAME = '부산';
    IF V_POPU > 100 THEN
        V_MESSAGE := '100만이 넘습니다';
    ELSE
        V_MESSAGE := '100만보다 적습니다';
    END IF;    
    DBMS_OUTPUT.PUT_LINE('부산의 인구는 ' || V_MESSAGE);
END;

DECLARE 
    V_NUM INT := 1;
    V_TOTAL INT := 0;
BEGIN
    WHILE V_NUM <= 100
    LOOP
        V_TOTAL := V_TOTAL + V_NUM;
        V_NUM := V_NUM + 1;
    END LOOP;
    DBMS_OUTPUT.PUT_LINE('1~100까지의 합산 결과 = ' || V_TOTAL);
END;

DECLARE 
    V_TOTAL INT := 0;
BEGIN
    FOR V_NUM IN 1 .. 100
    LOOP
        V_TOTAL := V_TOTAL + V_NUM;
    END LOOP;
    DBMS_OUTPUT.PUT_LINE('1~100까지의 합산 결과 = ' || V_TOTAL);
END;

BEGIN
    FOR V_CITIES IN (SELECT * FROM TCITY WHERE REGION='경기')
    LOOP
        DBMS_OUTPUT.PUT_LINE(TRIM(V_CITIES.NAME) || ' : ' || V_CITIES.AREA || ',' || V_CITIES.POPU);
    END LOOP;
END;

DECLARE 
    V_NUM INT := 1;
    V_TOTAL INT := 0;
BEGIN
    WHILE 1 = 1
    LOOP
        V_TOTAL := V_TOTAL + V_NUM;
        V_NUM := V_NUM + 1;
        IF V_NUM > 100 THEN
            EXIT;
        END IF;
    END LOOP;
    DBMS_OUTPUT.PUT_LINE('1~100까지의 합산 결과 = ' || V_TOTAL);
END;

DECLARE 
    V_NUM INT := 1;
    V_TOTAL INT := 0;
BEGIN
    LOOP
        V_TOTAL := V_TOTAL + V_NUM;
        V_NUM := V_NUM + 1;
        EXIT WHEN V_NUM > 100;
    END LOOP;
    DBMS_OUTPUT.PUT_LINE('1~100까지의 합산 결과 = ' || V_TOTAL);
END;

DECLARE 
    V_NUM INT := 1;
    V_TOTAL INT := 0;
BEGIN
    <<HERE>>    
    V_TOTAL := V_TOTAL + V_NUM;
    V_NUM := V_NUM + 1;
    IF V_NUM <= 100 THEN
        GOTO HERE;
    END IF;
   	DBMS_OUTPUT.PUT_LINE('1~100까지의 합산 결과 = ' || V_TOTAL);
END;

BEGIN
    DBMS_LOCK.SLEEP(5);
    DBMS_OUTPUT.PUT_LINE('대기종료');
END;

DECLARE 
    V_NUM INT := 2;
    V_NUMWORD CHAR(30);
BEGIN
    V_NUMWORD := 
    CASE V_NUM
        WHEN 1 THEN '하나'
        WHEN 2 THEN '둘'
        WHEN 3 THEN '셋'
        WHEN 4 THEN '넷'
        ELSE '그외'
    END;
    DBMS_OUTPUT.PUT_LINE(V_NUMWORD);
END;

DECLARE 
    V_NUM INT := 6;
    V_NUMWORD CHAR(30);
BEGIN
    V_NUMWORD := 
    CASE 
        WHEN V_NUM < 0 THEN '음수'
        WHEN V_NUM IN (1, 2, 3) THEN '하나, 둘, 셋'
        WHEN V_NUM > 4 THEN '넷보다 더 큼'
        ELSE '그외'
    END;
    DBMS_OUTPUT.PUT_LINE(V_NUMWORD);
END;

SELECT ITEM, 
    CASE CATEGORY 
        WHEN '패션' THEN '받자 마자 빨아서 입으세요.'
        WHEN '가전' THEN '충격을 주지 마세요.'
        WHEN '식품' THEN '냉장 보관하세요.'
        WHEN '성인' THEN '애들은 가라'
    END AS 주의사항
FROM TITEM

SELECT MEMBER, ITEM,
    CASE STATUS
        WHEN 1 THEN '주문'
        WHEN 2 THEN '배송중'
        WHEN 3 THEN '배송완료'
        ELSE '기타'
    END AS 상태
FROM TORDER;

SELECT MEMBER, ITEM, DECODE(STATUS, 1, '주문', 2, '배송중', 3, '배송완료', '기타') 
AS 상태 FROM TORDER;

DECLARE 
    V_NUM INT := 2;
    V_POPU INT;
BEGIN
    CASE 
        WHEN V_NUM = 1 THEN SELECT POPU INTO V_POPU FROM TCITY WHERE NAME = '서울';
        WHEN V_NUM = 2 THEN DBMS_OUTPUT.PUT_LINE('둘');
        WHEN V_NUM = 3 THEN COMMIT;
        WHEN V_NUM > 4 THEN ROLLBACK;
        ELSE DBMS_OUTPUT.PUT_LINE('알 수 없는 명령');
    END CASE;
END;

DECLARE V_MEMBER CHAR(20);
BEGIN
    SELECT MEMBER INTO V_MEMBER FROM TORDER WHERE ORDERID = 100;
    DBMS_OUTPUT.PUT_LINE(V_MEMBER);
END;

DECLARE V_MEMBER CHAR(20);
BEGIN
    SELECT MEMBER INTO V_MEMBER FROM TORDER WHERE ORDERID = 100;
    DBMS_OUTPUT.PUT_LINE(V_MEMBER);
    EXCEPTION
        WHEN NO_DATA_FOUND THEN
        DBMS_OUTPUT.PUT_LINE('주문 번호가 없습니다.');
END;

DECLARE V_MEMBER CHAR(20);
BEGIN
    SELECT MEMBER INTO V_MEMBER FROM TORDER WHERE ORDERID > 1;
    DBMS_OUTPUT.PUT_LINE(V_MEMBER);
    EXCEPTION
        WHEN TOO_MANY_ROWS THEN
        DBMS_OUTPUT.PUT_LINE('하나의 주문만 선택하십시오.');
END;

DECLARE 
    V_MEMBER CHAR(20);
    V_ORDERID INT := -1;
    NEGATIVEORDER EXCEPTION;
BEGIN
    IF (V_ORDERID < 0) THEN
        RAISE NEGATIVEORDER;
    END IF;
    SELECT MEMBER INTO V_MEMBER FROM TORDER WHERE ORDERID = V_ORDERID;
    DBMS_OUTPUT.PUT_LINE(V_MEMBER);
    EXCEPTION
        WHEN NEGATIVEORDER THEN
            DBMS_OUTPUT.PUT_LINE('주문 번호가 음수여서는 안됩니다.');
        WHEN OTHERS THEN
            DBMS_OUTPUT.PUT_LINE('원인을 알 수 없는 예외가 발생했습니다.');
END;

DECLARE 
    V_MEMBER CHAR(20);
    V_ORDERID INT := -1;
BEGIN
    IF (V_ORDERID < 0) THEN
        RAISE_APPLICATION_ERROR(-20000, '주문 번호가 음수여서는 안됩니다.');
    END IF;
    SELECT MEMBER INTO V_MEMBER FROM TORDER WHERE ORDERID = V_ORDERID;
    DBMS_OUTPUT.PUT_LINE(V_MEMBER);
    EXCEPTION
        WHEN OTHERS THEN
            DBMS_OUTPUT.PUT_LINE(SQLCODE);
            DBMS_OUTPUT.PUT_LINE(SQLERRM);
END;

SELECT '안녕하세요';
SELECT 2 + 3 * 4;
SELECT POWER(2, 3);

DECLARE @SALARY INT;			-- 정수형의 @SALARY 변수
DECLARE @A INT, @B INT = 100;		-- 두 개의 정수형 변수. B는 100으로 초기화
DECLARE @AGE INT, @NAME CHAR(5);	-- 정수형 변수와 문자열 변수 선언

DECLARE @PRICE INT;
SET @PRICE = 1000;
SELECT @PRICE;

DECLARE @NAME CHAR(20);
SELECT @NAME = MEMBER FROM TORDER WHERE ORDERID=1;
SELECT @NAME;

SET @NAME = (SELECT MEMBER FROM TORDER WHERE ORDERID=1);

DECLARE @SCORE INT = 12;
IF @SCORE = 12
	PRINT '12입니다.';
ELSE
	PRINT '12가 아닙니다.';

DECLARE @MESSAGE VARCHAR(50);
IF (SELECT POPU FROM TCITY WHERE NAME = '부산') > 100
BEGIN	
	SET @MESSAGE='100만이 넘습니다';
	PRINT '많이도 낳았네요'
END
ELSE
BEGIN
	SET @MESSAGE='100만보다 적습니다';
	PRINT '아직 더 많이 낳아야겠네요'
END
PRINT '부산의 인구는 ' + @MESSAGE;

DECLARE @NUM INT = 1, @SUM INT = 0;

WHILE @NUM <= 100
BEGIN
	SET @SUM = @SUM + @NUM;
	SET @NUM = @NUM + 1;
END
PRINT '1~100까지의 합산 결과 = ' + CONVERT(VARCHAR(10), @SUM);

WHILE 1=1
BEGIN
	SET @SUM = @SUM + @NUM;
	SET @NUM = @NUM + 1;
	IF @NUM > 100
		BREAK;
END

HERE:
SET @SUM = @SUM + @NUM;
SET @NUM = @NUM + 1;
IF @NUM <= 100
	GOTO HERE;

WAITFOR DELAY '00:00:05';		-- 5초간 대기
WAITFOR TIME '02:20:00';			-- 2:20분까지 대기

BEGIN TRY
	INSERT INTO TCITY VALUES ('서울',600,1000,'Y','경기');
END TRY
BEGIN CATCH
    PRINT '기본키가 같은 레코드를 삽입할 수 없습니다.';
    PRINT '에러 번호 : ' + CAST(ERROR_NUMBER() AS VARCHAR(10))
    PRINT '메시지 : ' + ERROR_MESSAGE()
END CATCH

BEGIN TRY
    SELECT MAYOR FROM TCITY;
END TRY
BEGIN CATCH
    PRINT '시장님에 대한 정보는 없습니다.'
END CATCH

DECLARE @POPU INT = 12345;

BEGIN TRY
	IF @POPU > 10000
		THROW 50001, '도시의 인구가 1억이 넘을 리가 없을텐데...', 1;
	ELSE
		INSERT INTO TCITY VALUES ('광주',600,@POPU,'Y','전라');
END TRY
BEGIN CATCH
    PRINT '에러 번호 : ' + CAST(ERROR_NUMBER() AS VARCHAR(10))
    PRINT '메시지 : ' + ERROR_MESSAGE()
END CATCH

-------------------------------------------------
-- 16장

CREATE PROCEDURE SP_GETPOPU
AS
    V_POPU INT;
BEGIN
    SELECT POPU INTO V_POPU FROM TCITY WHERE NAME = '서울';
    DBMS_OUTPUT.PUT_LINE(V_POPU);
END;

EXECUTE SP_GETPOPU();

SELECT * FROM USER_OBJECTS WHERE OBJECT_TYPE = 'PROCEDURE';

SELECT * FROM USER_SOURCE WHERE NAME = 'SP_GETPOPU';

CREATE PROCEDURE SP_GETPOPU
...
    SELECT POPU INTO V_POPU FROM TCITY WHERE NAME = '부산';

DROP PROCEDURE SP_GETPOPU;

CREATE OR REPLACE PROCEDURE SP_GETPOPU
AS
    V_POPU INT;
BEGIN
    SELECT POPU INTO V_POPU FROM TCITY WHERE NAME = '부산';
    DBMS_OUTPUT.PUT_LINE(V_POPU);
END;

CREATE OR REPLACE PROCEDURE SP_GETPOPU
AS
    V_POPU INT;
BEGIN
    SELECT POPULATION INTO V_POPU FROM TCITY WHERE NAME = '부산';
    DBMS_OUTPUT.PUT_LINE(V_POPU);
END;

DROP TABLE TCITY;

CREATE OR REPLACE PROCEDURE SP_GETCITYPOPU(P_NAME IN CHAR)
AS
    V_POPU INT;
BEGIN
    SELECT POPU INTO V_POPU FROM TCITY WHERE NAME = P_NAME;
    DBMS_OUTPUT.PUT_LINE(P_NAME || '의 인구는 ' || V_POPU || '만명입니다.');
END;

EXEC SP_GETCITYPOPU('오산');		-- 오산의 인구는 21만명입니다.
EXEC SP_GETCITYPOPU('청주');		-- 청주의 인구는 83만명입니다.

EXEC SP_GETCITYPOPU();      		-- 에러
EXEC SP_GETCITYPOPU('서울', '부산');    	-- 에러

CREATE OR REPLACE PROCEDURE SP_GETCITYPOPU(P_NAME IN TCITY.NAME%TYPE := '서울')
....

CREATE OR REPLACE PROCEDURE SP_GRANTBONUS(P_MEMBER CHAR, P_BONUS INT)
AS
BEGIN
    UPDATE TMEMBER SET MONEY = MONEY + P_BONUS WHERE MEMBER = P_MEMBER;
    COMMIT;
END;

EXEC SP_GRANTBONUS('춘향', 123);

EXEC SP_GRANTBONUS(P_MEMBER=>'춘향', P_BONUS=>123);
EXEC SP_GRANTBONUS(P_BONUS=>123, P_MEMBER=>'춘향');

CREATE OR REPLACE PROCEDURE SP_OUTCITYPOPU(P_NAME IN CHAR, O_POPU OUT INT)
AS
BEGIN
    SELECT POPU INTO O_POPU FROM TCITY WHERE NAME = P_NAME;
END;

DECLARE 
    V_POPU INT;
BEGIN
    SP_OUTCITYPOPU('서울', V_POPU);
    DBMS_OUTPUT.PUT_LINE(V_POPU);
END; 

CREATE OR REPLACE PROCEDURE SP_OUTCITYAREAPOPU(P_NAME IN CHAR, O_AREA OUT INT, O_POPU OUT INT)
AS
BEGIN
    SELECT AREA, POPU INTO O_AREA, O_POPU FROM TCITY WHERE NAME = P_NAME;
END;

DECLARE 
    V_AREA INT;
    V_POPU INT;
BEGIN
    SP_OUTCITYAREAPOPU('부산', V_AREA, V_POPU);
    DBMS_OUTPUT.PUT_LINE(V_AREA || ' ,' || V_POPU);
END;

CREATE OR REPLACE PROCEDURE SP_GETCITYPOPU(P_NAME IN TCITY.NAME%TYPE := '서울')
AS
    V_POPU INT;
BEGIN
    SP_OUTCITYPOPU(P_NAME, V_POPU);
    DBMS_OUTPUT.PUT_LINE(P_NAME || '의 인구는 ' || V_POPU || '만명입니다.');
END;

EXECUTE SP_GETCITYPOPU('평양');

CREATE OR REPLACE PROCEDURE SP_GETCITYPOPU(P_NAME IN TCITY.NAME%TYPE := '서울')
AS
    V_POPU INT;
BEGIN
    SELECT POPU INTO V_POPU FROM TCITY WHERE NAME = P_NAME;
    DBMS_OUTPUT.PUT_LINE(P_NAME || '의 인구는 ' || V_POPU || '만명입니다.');
    EXCEPTION
        WHEN NO_DATA_FOUND THEN
            DBMS_OUTPUT.PUT_LINE('없는 도시입니다.');
        WHEN TOO_MANY_ROWS THEN
            DBMS_OUTPUT.PUT_LINE('도시가 너무 많습니다.');
        WHEN OTHERS THEN
            DBMS_OUTPUT.PUT_LINE('알 수 없는 예외입니다.');
END;

SELECT POPU INTO V_POPU FROM TCITY WHERE NAME = P_NAME;
IF V_POPU IS NULL THEN
    DBMS_OUTPUT.PUT_LINE('없는 도시입니다.');
END IF;

CREATE OR REPLACE FUNCTION FN_ADDINT(A INT, B INT) 
RETURN INT
AS
BEGIN
	RETURN A + B;
END;

SELECT FN_ADDINT(2, 3) FROM DUAL;
SELECT * FROM TCITY WHERE POPU > FN_ADDINT(10, 20);

DECLARE V_SUM INT;
BEGIN
    V_SUM := FN_ADDINT(2, 3);
    DBMS_OUTPUT.PUT_LINE(V_SUM);
END;

CREATE OR REPLACE FUNCTION FN_GETSUM(P_UPBOUND INT)
RETURN INT
AS
    V_TOTAL INT := 0;
BEGIN
    FOR V_NUM IN 1 .. P_UPBOUND
    LOOP
        V_TOTAL := V_TOTAL + V_NUM;
    END LOOP;
    RETURN V_TOTAL;
END;

SELECT FN_GETSUM(10) FROM DUAL;

CREATE OR REPLACE TYPE GU_ROW AS OBJECT
(
    DAN INT, 
    NUM INT, 
    MULTI INT
);

CREATE OR REPLACE TYPE GU_TABLE AS TABLE OF GU_ROW;

CREATE OR REPLACE FUNCTION MAKEDAN(P_DAN INT)
RETURN GU_TABLE PIPELINED
AS
    V_ROW GU_ROW;
BEGIN
    FOR V_NUM IN 1..9
    LOOP
        V_ROW := GU_ROW(P_DAN, V_NUM, P_DAN * V_NUM);
        PIPE ROW(V_ROW);
    END LOOP;
    RETURN;
END;

SELECT * FROM TABLE(MAKEDAN(5));
SELECT * FROM TABLE(MAKEDAN(7));

CREATE PROCEDURE PROC_GETCITYPOPU
	@P_NAME CHAR(10)
AS
BEGIN
	SELECT POPU FROM TCITY WHERE NAME = @P_NAME;
END

EXEC PROC_GETCITYPOPU @P_NAME = '서울';
EXEC PROC_GETCITYPOPU '서울';
PROC_GETCITYPOPU '서울';

ALTER PROCEDURE PROC_GETCITYPOPU
	@P_NAME CHAR(10)
AS
DECLARE
	@POPU INT
BEGIN
	SELECT @POPU = POPU FROM TCITY WHERE NAME = @P_NAME;
	PRINT @POPU
END

ALTER PROCEDURE PROC_GETCITYPOPU
	@P_NAME CHAR(10)
AS
BEGIN
	SELECT POPU FROM TCITY2 WHERE NAME = @P_NAME;
END

CREATE PROCEDURE PROC_GRANTBONUS
	@P_MEMBER CHAR(20),
	@P_BONUS INT = 100
AS
BEGIN
    UPDATE TMEMBER SET MONEY = MONEY + @P_BONUS WHERE MEMBER = @P_MEMBER;
END;

PROC_GRANTBONUS '춘향', 2000;
PROC_GRANTBONUS '춘향';

PROC_GRANTBONUS @P_MEMBER = '춘향', @P_BONUS = 2000;
PROC_GRANTBONUS @P_BONUS = 2000, @P_MEMBER = '춘향';

CREATE PROCEDURE PROC_OUTCITYPOPU
	@P_NAME CHAR(10), 
	@O_POPU INT OUTPUT
AS
BEGIN
    SELECT @O_POPU = POPU FROM TCITY WHERE NAME = @P_NAME;
END;

DECLARE @POPU INT;
EXECUTE PROC_OUTCITYPOPU '서울', @POPU OUTPUT;
PRINT '서울의 인구는 ' + CAST(@POPU AS VARCHAR(10)) + '만명입니다.';

CREATE PROCEDURE PROC_RETCITYPOPU
	@P_NAME CHAR(10)
AS
DECLARE
	@POPU INT;
BEGIN
    SELECT @POPU = POPU FROM TCITY WHERE NAME = @P_NAME;
    RETURN @POPU;
END;

DECLARE @POPU INT;
EXECUTE @POPU = PROC_RETCITYPOPU '서울';
PRINT '서울의 인구는 ' + CAST(@POPU AS VARCHAR(10)) + '만명입니다.';

PRINT '서울의 인구는 ' + CAST(PROC_RETCITYPOPU '서울' AS VARCHAR(10)) + '만명입니다';
SELECT PROC_RETCITYPOPU '서울';

CREATE PROCEDURE PROC_INSERTSEOUL
AS
BEGIN
	INSERT INTO TCITY VALUES ('서울',605,974,'Y','경기');
END

ALTER PROCEDURE PROC_INSERTSEOUL
AS
BEGIN
	INSERT INTO TCITY VALUES ('서울',605,974,'Y','경기');
	IF @@ERROR != 0
	BEGIN
		PRINT('새 레코드를 삽입하지 못했습니다.');
	END
END

ALTER PROCEDURE PROC_INSERTSEOUL
AS
BEGIN
	BEGIN TRY
		INSERT INTO TCITY VALUES ('서울',605,974,'Y','경기');
	END TRY

	BEGIN CATCH
		PRINT '에러 번호 : ' + CAST(ERROR_NUMBER() AS VARCHAR(10));
		PRINT '에러 메시지 : ' + ERROR_MESSAGE();
	END CATCH
END

CREATE FUNCTION FN_ADDINT(@A INT, @B INT) RETURNS INT
AS
BEGIN
	RETURN @A + @B;
END

SELECT STUDY.DBO.FN_ADDINT(2, 3);

CREATE FUNCTION FN_GETCITY(@REGION CHAR(10))
RETURNS TABLE
AS
RETURN SELECT * FROM TCITY WHERE REGION = @REGION;

SELECT * FROM DBO.FN_GETCITY('강원');

SELECT * FROM DBO.FN_GETCITY('강원') WHERE POPU > 10;

CREATE FUNCTION FN_GETCITYTABLE(@REGION CHAR(10))
RETURNS @RESULT TABLE
	(NAME VARCHAR(10),POPU INT)
AS
BEGIN
	INSERT INTO @RESULT SELECT NAME, POPU FROM TCITY WHERE REGION = @REGION;
	RETURN;
END

SELECT * FROM DBO.FN_GETCITYTABLE('경기');

-------------------------------------------------
-- 17장

DECLARE
    CURSOR V_CURSOR IS SELECT NAME FROM TCITY;
    V_NAME CHAR(10);
BEGIN
    OPEN V_CURSOR;
    LOOP
        FETCH V_CURSOR INTO V_NAME;
        EXIT WHEN V_CURSOR%NOTFOUND;
        DBMS_OUTPUT.PUT_LINE(V_NAME);
    END LOOP;
    CLOSE V_CURSOR;
END;

DECLARE
    CURSOR V_CURSOR IS SELECT * FROM TCITY;
    V_CITY TCITY%ROWTYPE;
BEGIN
    OPEN V_CURSOR;
    LOOP
        FETCH V_CURSOR INTO V_CITY;
        EXIT WHEN V_CURSOR%NOTFOUND;
        DBMS_OUTPUT.PUT_LINE(V_CITY.REGION || V_CITY.NAME || V_CITY.AREA);
    END LOOP;
    CLOSE V_CURSOR;
END;

DECLARE
BEGIN
    FOR V_CURSOR IN (SELECT NAME FROM TCITY)
    LOOP
        DBMS_OUTPUT.PUT_LINE(V_CURSOR.NAME);
    END LOOP;
END;

BEGIN
    UPDATE TCITY SET POPU = POPU WHERE REGION = '강원';
    IF SQL%FOUND THEN DBMS_OUTPUT.PUT_LINE('결과셋이 있음'); END IF;
    DBMS_OUTPUT.PUT_LINE(SQL%ROWCOUNT || '개의 행이 바뀜');
END;

DECLARE
    V_CURSOR SYS_REFCURSOR;
    V_NAME CHAR(10);
BEGIN
    OPEN V_CURSOR FOR SELECT NAME FROM TCITY;
    LOOP
        FETCH V_CURSOR INTO V_NAME;
        EXIT WHEN V_CURSOR%NOTFOUND;
        DBMS_OUTPUT.PUT_LINE(V_NAME);
    END LOOP;
    CLOSE V_CURSOR;
END;

CREATE OR REPLACE PROCEDURE SP_OUTCITYNAME(P_REGION IN CHAR, O_CURSOR OUT SYS_REFCURSOR)
AS
BEGIN
    OPEN O_CURSOR FOR SELECT NAME FROM TCITY WHERE REGION = P_REGION;
END;

DECLARE
    V_CURSOR SYS_REFCURSOR;
    V_NAME CHAR(10);
BEGIN
    SP_OUTCITYNAME('전라', V_CURSOR);
    LOOP
        FETCH V_CURSOR INTO V_NAME;
        EXIT WHEN V_CURSOR%NOTFOUND;
        DBMS_OUTPUT.PUT_LINE(V_NAME);
    END LOOP;
END;

DECLARE
    CURSOR V_CURSOR IS SELECT * FROM TCITY FOR UPDATE;
    V_CITY TCITY%ROWTYPE;
BEGIN
    OPEN V_CURSOR;
    LOOP
        FETCH V_CURSOR INTO V_CITY;
        EXIT WHEN V_CURSOR%NOTFOUND;
        IF V_CITY.METRO = 'Y' THEN
            UPDATE TCITY SET AREA = AREA + 10 WHERE CURRENT OF V_CURSOR;
        END IF;
    END LOOP;
    CLOSE V_CURSOR;
END;

DECLARE @NAME CHAR(10)
DECLARE TESTCURSOR CURSOR FOR SELECT NAME FROM TCITY
OPEN TESTCURSOR
FETCH NEXT FROM TESTCURSOR INTO @NAME
WHILE @@FETCH_STATUS = 0
BEGIN
	PRINT @NAME
	FETCH NEXT FROM TESTCURSOR INTO @NAME
END
CLOSE TESTCURSOR
DEALLOCATE TESTCURSOR

START:
FETCH NEXT FROM TESTCURSOR INTO @NAME
IF @@FETCH_STATUS = 0
BEGIN
	PRINT @NAME
	GOTO START
END

DECLARE @NAME CHAR(10)
DECLARE @VARCUR CURSOR
SET @VARCUR = CURSOR FOR SELECT NAME FROM TCITY;
OPEN @VARCUR
FETCH NEXT FROM @VARCUR INTO @NAME
WHILE @@FETCH_STATUS = 0
BEGIN
	PRINT @NAME
	FETCH NEXT FROM @VARCUR INTO @NAME
END
CLOSE @VARCUR
DEALLOCATE @VARCUR

DECLARE TESTCURSOR CURSOR LOCAL SCROLL FOR SELECT NAME FROM TCITY;
OPEN TESTCURSOR;

FETCH NEXT FROM TESTCURSOR;
FETCH NEXT FROM TESTCURSOR;
FETCH PRIOR FROM TESTCURSOR;
FETCH LAST FROM TESTCURSOR;

DECLARE TESTCURSOR CURSOR LOCAL FOR SELECT * FROM TCITY;
OPEN TESTCURSOR;

FETCH NEXT FROM TESTCURSOR;
UPDATE TCITY SET POPU=1234 WHERE CURRENT OF TESTCURSOR;

CLOSE TESTCURSOR;
DEALLOCATE TESTCURSOR;

DECLARE TESTCURSOR CURSOR LOCAL STATIC FOR SELECT NAME, POPU FROM TCITY;
OPEN TESTCURSOR;

DECLARE @NAME CHAR(10);
DECLARE @POPU INT;
FETCH NEXT FROM TESTCURSOR INTO @NAME, @POPU;
PRINT @NAME + ':' + CONVERT(VARCHAR(12), @POPU);
WAITFOR DELAY '00:00:10';
FETCH NEXT FROM TESTCURSOR INTO @NAME, @POPU;
PRINT @NAME + ':' + CONVERT(VARCHAR(12), @POPU);

UPDATE TCITY SET POPU = 500 WHERE NAME = '부산';

DECLARE TESTCURSOR CURSOR LOCAL DYNAMIC FOR SELECT NAME, POPU FROM TCITY;
OPEN TESTCURSOR;

DECLARE @NAME CHAR(10);
DECLARE @POPU INT;
FETCH NEXT FROM TESTCURSOR INTO @NAME, @POPU;
WHILE @@FETCH_STATUS = 0
BEGIN
	PRINT @NAME + ':' + CONVERT(NVARCHAR(12), @POPU);
	WAITFOR DELAY '00:00:01';
	FETCH NEXT FROM TESTCURSOR INTO @NAME, @POPU;
END

INSERT INTO TCITY VALUES ('평택',453,51,'N','경기');

DECLARE 
    V_ORDERID INT := 1;
    V_SQL VARCHAR(100);
    V_MEMBER CHAR(20);
BEGIN
    V_SQL := 'SELECT MEMBER FROM TORDER WHERE ORDERID = ' || V_ORDERID;
    EXECUTE IMMEDIATE V_SQL INTO V_MEMBER;
    DBMS_OUTPUT.PUT_LINE(V_MEMBER);
END;

DECLARE
    V_AREA INT := 0;
    V_OP CHAR(10) := '크다';
    V_SQL VARCHAR(100);
    V_NAME CHAR(10);
BEGIN
    V_SQL := 'SELECT NAME FROM TCITY WHERE ';
    IF V_AREA != 0 THEN
        V_SQL := V_SQL || 'AREA ';
        IF V_OP = '같다' THEN V_SQL := V_SQL || '= '; END IF;
        IF V_OP = '크다' THEN V_SQL := V_SQL || '> '; END IF;
        IF V_OP = '작다' THEN V_SQL := V_SQL || '< '; END IF;
        V_SQL := V_SQL || V_AREA || ' AND ';
    END IF;
    V_SQL := V_SQL || ' ROWNUM = 1';
    EXECUTE IMMEDIATE V_SQL INTO V_NAME;
    DBMS_OUTPUT.PUT_LINE(V_NAME);
END;

SELECT MEMBER INTO V_MEMBER FROM TORDER WHERE ORDERID = V_ORDERID;

V_TABLE VARCHAR(10) := 'TCITY';
SELECT NAME INTO V_NAME FROM V_TABLE WHERE ROWNUM = 1;

DECLARE 
    V_TABLE VARCHAR(10) := 'TCITY';
    V_SQL VARCHAR(100);
    V_NAME CHAR(20);
BEGIN
    V_SQL := 'SELECT NAME FROM ' || V_TABLE || ' WHERE ROWNUM = 1';
    EXECUTE IMMEDIATE V_SQL INTO V_NAME;
    DBMS_OUTPUT.PUT_LINE(V_NAME);
END;

DECLARE @AREA INT = 1000;
DECLARE @OP CHAR(10) = '크다';
DECLARE @SQL VARCHAR(100);

SET @SQL = 'SELECT TOP 1 NAME FROM TCITY';
IF @AREA != 0
BEGIN
	SET @SQL += ' WHERE AREA ';
	IF @OP = '같다' SET @SQL += '=';
	IF @OP = '크다' SET @SQL += '>';
	IF @OP = '작다' SET @SQL += '<';
	SET @SQL = @SQL + CAST(@AREA AS VARCHAR(10));
END
EXECUTE(@SQL);

DECLARE 
    HOUR_BEGIN INT := 1;
    HOUR_END INT := 2;
    HOUR_NOW INT := HOUR_BEGIN;
    V_SQL VARCHAR(1000);
    V_CURSOR SYS_REFCURSOR;
    TYPE LINECAR IS RECORD(LINE VARCHAR(100), CAR VARCHAR(100), T1 VARCHAR(100), T2 VARCHAR(100));
    V_LC LINECAR;
BEGIN
    V_SQL := 'SELECT * FROM TTRAFFIC PIVOT (SUM(TRAFFIC) FOR HOUR IN (';
    WHILE HOUR_NOW <= HOUR_END
    LOOP
        V_SQL := V_SQL || HOUR_NOW;
        IF HOUR_NOW != HOUR_END THEN V_SQL := V_SQL || ', '; END IF;
        HOUR_NOW := HOUR_NOW + 1;
    END LOOP;
    V_SQL := V_SQL || '))'; 
    
    OPEN V_CURSOR FOR V_SQL;
    LOOP
        -- INTO 절에 레코드 타입을 적으면 되는데 타입을 미리 결정할 수 없다.
        FETCH V_CURSOR INTO V_LC;
        EXIT WHEN V_CURSOR%NOTFOUND;
        DBMS_OUTPUT.PUT_LINE(V_LC.LINE || V_LC.CAR || V_LC.T1 || ',' || V_LC.T2);
    END LOOP;
END;

DECLARE @HOUR_BEGIN INT = 1;
DECLARE @HOUR_END INT = 2;
DECLARE @HOUR INT = @HOUR_BEGIN;
DECLARE @SQL VARCHAR(1000);

SET @SQL = 'SELECT * FROM TTRAFFIC PIVOT (SUM(TRAFFIC) FOR HOUR IN (';
WHILE @HOUR <= @HOUR_END
BEGIN
	SET @SQL += '[' + CAST(@HOUR AS VARCHAR) + ']';
	IF @HOUR != @HOUR_END SET @SQL += ', ';
	SET @HOUR += 1;
END
SET @SQL += ')) AS PVT';

EXEC(@SQL);

-------------------------------------------------
-- 18장

CREATE OR REPLACE TRIGGER TR_MESSAGE
AFTER UPDATE ON TCITY
BEGIN
    DBMS_OUTPUT.PUT_LINE('도시 정보를 갱신하였습니다.');
END;

UPDATE TCITY SET POPU = POPU + 1 WHERE NAME = '서울';


CREATE OR REPLACE TRIGGER TR_MESSAGE
AFTER INSERT OR UPDATE OR DELETE ON TCITY
BEGIN
    IF INSERTING THEN
        DBMS_OUTPUT.PUT_LINE('새로운 도시를 삽입하였습니다.');
    END IF;
    IF UPDATING THEN
        DBMS_OUTPUT.PUT_LINE('도시 정보를 갱신하였습니다.');
    END IF;
    IF DELETING THEN
        DBMS_OUTPUT.PUT_LINE('도시를 삭제하였습니다.');
    END IF;
END;

INSERT INTO TCITY VALUES ('여주',608,11,'N','경기');
UPDATE TCITY SET POPU = 12 WHERE NAME = '여주';
DELETE FROM TCITY WHERE NAME = '여주';

UPDATE TCITY SET POPU = POPU + 1 WHERE REGION = '경기';

CREATE OR REPLACE TRIGGER TR_MESSAGE
AFTER UPDATE ON TCITY
FOR EACH ROW
BEGIN
    DBMS_OUTPUT.PUT_LINE(:OLD.NAME || ':' || :OLD.POPU || '->' || :NEW.POPU);
END;

REFERENCING OLD AS PRE_REC NEW AS POST_REC

UPDATE TCITY SET AREA = AREA + 1 WHERE NAME = '서울';

CREATE OR REPLACE TRIGGER TR_MESSAGE
AFTER UPDATE OF POPU ON TCITY 
FOR EACH ROW
BEGIN
    DBMS_OUTPUT.PUT_LINE(:OLD.NAME || ':' || :OLD.POPU || '->' || :NEW.POPU);
END;

CREATE OR REPLACE TRIGGER TR_MESSAGE
AFTER UPDATE ON TCITY 
FOR EACH ROW
WHEN (NEW.POPU > 10)
BEGIN
    DBMS_OUTPUT.PUT_LINE(:OLD.NAME || ':' || :OLD.POPU || '->' || :NEW.POPU);
END;

UPDATE TCITY SET POPU = POPU + 1 WHERE REGION = '강원';

CREATE OR REPLACE TRIGGER TR_MESSAGE
AFTER UPDATE ON TCITY
FOR EACH ROW
BEGIN
    IF :NEW.POPU > 10000 THEN
        RAISE_APPLICATION_ERROR(-20000, '인구가 1억을 넘을 수는 없습니다.');
    END IF;
    DBMS_OUTPUT.PUT_LINE(:OLD.NAME || ':' || :OLD.POPU || '->' || :NEW.POPU);
END;

UPDATE TCITY SET POPU = 12345 WHERE NAME = '서울';

CREATE OR REPLACE TRIGGER TR_PREVENTCHOI
AFTER INSERT ON TSTAFF
FOR EACH ROW
BEGIN
    IF SUBSTR(:NEW.NAME,1,1) = '최' THEN
        RAISE_APPLICATION_ERROR(-20000, '최가는 안되!');
    END IF;
END;

INSERT INTO TSTAFF VALUES ('최무선','총무부','남','2021-6-25','사원',280,0);

CREATE OR REPLACE TRIGGER TR_PREVENTCHOI
BEFORE INSERT ON TSTAFF
FOR EACH ROW
BEGIN
    IF SUBSTR(:NEW.NAME,1,1) = '최' THEN
        DBMS_OUTPUT.PUT_LINE('최가는 안되');
        :NEW.NAME := '김' || SUBSTR(:NEW.NAME, 2);
    END IF;
END;

CREATE OR REPLACE TRIGGER TR_DOUBLEMONEY
BEFORE INSERT ON TMEMBER
FOR EACH ROW
BEGIN
    IF :NEW.AGE = 18 THEN
        :NEW.MONEY := :NEW.MONEY * 2;
    END IF;
END;

INSERT INTO TMEMBER (MEMBER, AGE, EMAIL, ADDR, MONEY) VALUES 
('신입생', 18, 'FRESHER@KYUNGHEE.AC.KR', '서울 회기동', 8000);

CREATE VIEW VCARMAKER AS
SELECT TCAR.*, FACTORY, DOMESTIC FROM TCAR INNER JOIN TMAKER ON
TCAR.MAKER = TMAKER.MAKER;

INSERT INTO VCARMAKER VALUES('티코', 800, 900, '대우', '울릉', 'Y');

CREATE OR REPLACE TRIGGER TR_ADDNEWCAR
INSTEAD OF INSERT ON VCARMAKER
FOR EACH ROW
BEGIN
	INSERT INTO TCAR (CAR, CAPACITY, PRICE, MAKER) VALUES 
        (:NEW.CAR, :NEW.CAPACITY, :NEW.PRICE, :NEW.MAKER);
	INSERT INTO TMAKER (MAKER, FACTORY, DOMESTIC) VALUES 
        (:NEW.MAKER, :NEW.FACTORY, :NEW.DOMESTIC);
END;

CREATE OR REPLACE TRIGGER TR_MESSAGE2
AFTER UPDATE ON TCITY
FOR EACH ROW
BEGIN
    DBMS_OUTPUT.PUT_LINE(:OLD.NAME || '면적:' || :OLD.AREA || '->' || :NEW.AREA);
END;

CREATE OR REPLACE TRIGGER TR_MESSAGE3
AFTER UPDATE ON TCITY
FOR EACH ROW
BEGIN
    DBMS_OUTPUT.PUT_LINE(:OLD.NAME || '지역:' || :OLD.REGION || '->' || :NEW.REGION);
END;

CREATE OR REPLACE TRIGGER TR_MESSAGE3
AFTER UPDATE ON TCITY
FOR EACH ROW
FOLLOWS TR_MESSAGE
BEGIN
    DBMS_OUTPUT.PUT_LINE(:OLD.NAME || '지역:' || :OLD.REGION || '->' || :NEW.REGION);
END;

UPDATE TCITY SET AREA = 1000, POPU = 12345 WHERE NAME = '서울';

CREATE OR REPLACE TRIGGER TR_ONNEWCAR
AFTER INSERT ON TCAR
FOR EACH ROW
BEGIN
    DBMS_OUTPUT.PUT_LINE('신차가 출시되었습니다.');
END;

INSERT INTO VCARMAKER VALUES('티코', 800, 900, '대우', '울릉', 'Y');

CREATE OR REPLACE TRIGGER TR_CHANGE
AFTER DDL ON DATABASE
BEGIN
    DBMS_OUTPUT.PUT_LINE('명령 : ' || ORA_SYSEVENT);
    DBMS_OUTPUT.PUT_LINE('타입 : ' || ORA_DICT_OBJ_TYPE);
    DBMS_OUTPUT.PUT_LINE('이름 : ' || ORA_DICT_OBJ_NAME);
END;

CREATE TABLE TTEMP ( ID INT );
DROP TABLE TTEMP;

CREATE TABLE TCITYHISTORY
(
    DT DATE,
    SUSER VARCHAR(20),
    IP VARCHAR(20),
    ACTION VARCHAR(10),
    NAME CHAR(10),
    AREA VARCHAR(30) NULL,
    POPU VARCHAR(30) NULL
);

CREATE OR REPLACE TRIGGER TR_HISTORY
AFTER INSERT OR UPDATE OR DELETE ON TCITY
FOR EACH ROW
DECLARE
    AREACHANGE VARCHAR(30);
    POPUCHANGE VARCHAR(30);
    SUSER VARCHAR(20);
    IP VARCHAR(20);
BEGIN
    SELECT SYS_CONTEXT('USERENV', 'SESSION_USER') INTO SUSER FROM DUAL;
    SELECT SYS_CONTEXT('USERENV', 'IP_ADDRESS') INTO IP FROM DUAL;
    
    IF INSERTING THEN
        INSERT INTO TCITYHISTORY VALUES 
            (SYSDATE, SUSER, IP, 'INSERT', :NEW.NAME, :NEW.AREA, :NEW.POPU);
    END IF;
    IF UPDATING THEN
        IF :OLD.AREA = :NEW.AREA THEN
            AREACHANGE := :OLD.AREA;
        ELSE
            AREACHANGE := :OLD.AREA || '->' || :NEW.AREA;
        END IF;
        IF :OLD.POPU = :NEW.POPU THEN
            POPUCHANGE := :OLD.POPU;
        ELSE
            POPUCHANGE := :OLD.POPU || '->' || :NEW.POPU;
        END IF;
        INSERT INTO TCITYHISTORY VALUES 
            (SYSDATE, SUSER, IP, 'UPDATE', :NEW.NAME, AREACHANGE, POPUCHANGE);
    END IF;
    IF DELETING THEN
        INSERT INTO TCITYHISTORY VALUES 
            (SYSDATE, SUSER, IP, 'DELETE', :OLD.NAME, :OLD.AREA, :OLD.POPU);
    END IF;
END;

CREATE TRIGGER TR_MESSAGE
ON TCITY AFTER UPDATE 
AS
BEGIN
    PRINT('도시 정보를 갱신하였습니다.');
END;

UPDATE TCITY SET POPU = POPU + 1 WHERE NAME = '서울';
UPDATE TCITY SET POPU = POPU + 1 WHERE REGION = '경기';

ALTER TRIGGER TR_MESSAGE
ON TCITY AFTER UPDATE 
AS
BEGIN
	SELECT * FROM DELETED;
	SELECT * FROM INSERTED;
END;

ALTER TRIGGER TR_MESSAGE
ON TCITY AFTER UPDATE 
AS
BEGIN
	SELECT NAME, POPU, ' => ', (SELECT POPU FROM INSERTED WHERE NAME = D.NAME) FROM DELETED D;
END;

ALTER TABLE TCITY DISABLE TRIGGER TR_MESSAGE;

ALTER TRIGGER TR_MESSAGE
ON TCITY AFTER UPDATE 
AS
BEGIN
	IF (SELECT POPU FROM INSERTED) > 10000
	BEGIN
		PRINT('인구가 1억을 넘을 수는 없습니다.');
		ROLLBACK;
	END
END;

CREATE TRIGGER TR_PREVENTCHOI
ON TSTAFF AFTER INSERT
AS
IF EXISTS (SELECT * FROM INSERTED WHERE NAME LIKE '최%')
BEGIN
	PRINT '최가는 안되!';
	ROLLBACK TRANSACTION;
END

CREATE TRIGGER TR_ADDNEWCAR
ON VCARMAKER INSTEAD OF INSERT
AS
BEGIN
	INSERT INTO TCAR (CAR, CAPACITY, PRICE, MAKER) SELECT CAR, CAPACITY, PRICE, MAKER FROM INSERTED;
	INSERT INTO TMAKER (MAKER, FACTORY, DOMESTIC) SELECT MAKER, FACTORY, DOMESTIC FROM INSERTED;
END

CREATE TRIGGER TR_DOUBLEMONEY
ON TMEMBER AFTER INSERT
AS
DECLARE @NAME CHAR(20)
DECLARE @AGE INT
SELECT @NAME = MEMBER, @AGE = AGE FROM INSERTED;
IF @AGE = 18
	UPDATE TMEMBER SET MONEY = MONEY * 2 WHERE MEMBER = @NAME;

CREATE TRIGGER TR_MONEYCHANGE
ON TMEMBER
AFTER UPDATE
AS
DECLARE @NAME CHAR(20)
IF UPDATE(MONEY)
BEGIN
	SELECT @NAME = MEMBER FROM INSERTED;
	PRINT @NAME + '의 예치금이 갱신되었습니다. 부정이 아닌지 확인해 보십시오';
END;

CREATE TRIGGER NEWDATABASE
ON ALL SERVER
AFTER CREATE_DATABASE, DROP_DATABASE
AS
PRINT '새로운 DB가 생성 또는 파괴되었습니다.';

CREATE DATABASE NEWDB
DROP DATABASE NEWDB

DROP TRIGGER NEWDATABASE ON ALL SERVER

-------------------------------------------------
-- 19장

INSERT INTO TCITY VALUES ('평택',453,51,'N','경기');
SELECT * FROM TCITY;

SELECT * FROM V$TRANSACTION;

DELETE FROM TCITY WHERE METRO = 'N';
SELECT * FROM TCITY;

UPDATE TMEMBER SET MONEY = MONEY + 100 WHERE MEMBER='춘향';
APDATE TMEMBER SET MONEY = MONEY - 100 WHERE MEMBER='이도령';

UPDATE TMEMBER SET MONEY = MONEY + 100 WHERE MEMBER='춘향';
UPDATE TMEMBER2 SET MONEY = MONEY - 100 WHERE MEMBER='이도령';

BEGIN TRANSACTION
UPDATE TMEMBER SET MONEY = MONEY + 100 WHERE MEMBER='춘향';
UPDATE TMEMBER SET MONEY = MONEY - 100 WHERE MEMBER='이도령';
ROLLBACK;

BEGIN TRAN
UPDATE TMEMBER SET MONEY = MONEY + 10000 WHERE MEMBER = '춘향';
DECLARE @REMAIN INT
SELECT @REMAIN = MONEY FROM TMEMBER WHERE MEMBER = '이도령';
IF @REMAIN < 10000 
BEGIN
	ROLLBACK
END
ELSE
BEGIN
	UPDATE TMEMBER SET MONEY = MONEY - 10000 WHERE MEMBER = '이도령';
	COMMIT
END
SELECT * FROM TMEMBER WHERE MEMBER IN ('춘향', '이도령');

UPDATE TCITY SET POPU = 1000 WHERE NAME = '서울';
SAVEPOINT P1000;
UPDATE TCITY SET POPU = 1100 WHERE NAME = '서울';
SAVEPOINT P1100;
UPDATE TCITY SET POPU = 1200 WHERE NAME = '서울';
SAVEPOINT P1200;
ROLLBACK TO SAVEPOINT P1100;

SET TRANSACTION ISOLATION LEVEL SERIALIZABLE;

오라클 : ALTER PROFILE DEFAULT LIMIT IDLE_TIME 1;
MSSQL : SET LOCK_TIMEOUT 60000

UPDATE TMEMBER SET AGE=25 WHERE MEMBER='향단';
UPDATE TITEM SET NUM=10 WHERE ITEM='두부';
COMMIT

UPDATE TITEM SET NUM=5 WHERE ITEM='두부';
UPDATE TMEMBER SET AGE=18 WHERE MEMBER='향단';
COMMIT

-------------------------------------------------
-- 부록

SET @SCORE = 123;
SELECT @SCORE;

SELECT @MAXNUM := MAX(NUM) FROM TITEM;
SELECT ITEM FROM TITEM WHERE NUM = @MAXNUM;

DELIMITER $$
CREATE [OR REPLACE] PROCEDURE 프로시저 이름()
BEGIN
	여기에 코드를 작성한다.
END $$
DELIMITER ;

DELIMITER $$
CREATE OR REPLACE PROCEDURE SP_PROC()
BEGIN
	DECLARE SCORE INT DEFAULT 123;
	SELECT SCORE;
	SET SCORE = SCORE + 1;
	SELECT SCORE;
END $$
DELIMITER ;

CALL SP_PROC();

DELIMITER $$
CREATE OR REPLACE PROCEDURE SP_PROC()
BEGIN
	DECLARE SCORE INT;
	SET SCORE = 12;
	IF SCORE = 12 THEN
		SELECT '12입니다';
	ELSE
		SELECT '12가 아닙니다.';
	END IF;
END $$
DELIMITER ;

DELIMITER $$
CREATE OR REPLACE PROCEDURE SP_PROC()
BEGIN
	DECLARE SCORE INT DEFAULT 86;
	CASE
		WHEN SCORE > 95 THEN SELECT 'A+';
		WHEN SCORE > 90 THEN SELECT 'A';
		WHEN SCORE > 85 THEN SELECT 'B+';
		WHEN SCORE > 80 THEN SELECT 'B';
		ELSE SELECT 'C';
	END CASE;
END $$
DELIMITER ;

DELIMITER $$
CREATE OR REPLACE PROCEDURE SP_PROC()
BEGIN
	DECLARE SCORE INT DEFAULT 86;
	DECLARE GRADE CHAR(2);
	SET GRADE = CASE
		WHEN SCORE > 95 THEN 'A+'
		WHEN SCORE > 90 THEN 'A'
		WHEN SCORE > 85 THEN 'B+'
		WHEN SCORE > 80 THEN 'B'
		ELSE 'C'
	END;
	SELECT GRADE;
END $$
DELIMITER ;

DELIMITER $$
CREATE OR REPLACE PROCEDURE SP_PROC()
BEGIN
	DECLARE NUM INT DEFAULT 1;
	DECLARE SUM INT DEFAULT 0;
	WHILE (NUM <= 100) DO
		SET SUM = SUM + NUM;
		SET NUM = NUM + 1;
	END WHILE;

	SELECT SUM;
END $$
DELIMITER ;

DELIMITER $$
CREATE OR REPLACE PROCEDURE SP_PROC()
BEGIN
	DECLARE NUM INT DEFAULT 1;
	DECLARE SUM INT DEFAULT 0;
	REPEAT
		SET SUM = SUM + NUM;
		SET NUM = NUM + 1;
		UNTIL NUM > 100
	END REPEAT;

	SELECT SUM;
END $$
DELIMITER ;

DELIMITER $$
CREATE OR REPLACE PROCEDURE SP_PROC()
BEGIN
	DECLARE NUM INT DEFAULT 1;
	DECLARE SUM INT DEFAULT 0;
	SUMLOOP: LOOP
		SET SUM = SUM + NUM;
		SET NUM = NUM + 1;
		IF NUM > 100 THEN
			LEAVE SUMLOOP;
		END IF;
	END LOOP;

	SELECT SUM;
END $$
DELIMITER ;

DELIMITER $$
CREATE OR REPLACE PROCEDURE SP_GRANTBONUS(IN P_MEMBER CHAR(20))
BEGIN
	UPDATE TMEMBER SET MONEY = MONEY + 1000 WHERE MEMBER = P_MEMBER;
END $$
DELIMITER ;

DELIMITER $$
CREATE OR REPLACE PROCEDURE SP_GETMEMBERNUM(OUT O_MEMBER_NUM INT)
BEGIN
	SELECT COUNT(*) INTO O_MEMBER_NUM FROM TMEMBER;
END $$
DELIMITER ;

CALL SP_GETMEMBERNUM(@NUM);
SELECT @NUM;

DELIMITER $$
CREATE OR REPLACE FUNCTION FN_ADDINT(A INT, B INT) RETURNS INT
BEGIN
	RETURN A + B;
END $$
DELIMITER ;

SELECT FN_ADDINT(2, 3);

DELIMITER $$
CREATE OR REPLACE PROCEDURE SP_DUMPCITY()
BEGIN
	DECLARE CITY_NAME CHAR(10);
	DECLARE EOF INT DEFAULT 0;

	DECLARE TESTCURSOR CURSOR FOR SELECT NAME FROM TCITY;
	DECLARE CONTINUE HANDLER FOR NOT FOUND SET EOF = 1; 
	OPEN TESTCURSOR;

	FETCH_LOOP: LOOP
		FETCH TESTCURSOR INTO CITY_NAME;
		IF EOF THEN 
			LEAVE FETCH_LOOP;
		END IF;
		SELECT CITY_NAME;
	END LOOP;
	CLOSE TESTCURSOR;
END $$
DELIMITER ;

DELIMITER $$
CREATE OR REPLACE TRIGGER TR_MESSAGE
AFTER UPDATE ON TCITY
FOR EACH ROW
BEGIN
	SET @RESULT = CONCAT(OLD.POPU, '->', NEW.POPU);
END $$
DELIMITER ;

UPDATE TCITY SET POPU = POPU + 1 WHERE NAME = '서울';

SELECT @RESULT;

